Player,School,College,Ht,Wt,40yd,Vertical,Bench,Broad Jump,3Cone,Shuttle
Terrance Beadles,Ark-Pine Bluff,,6-3,-0.20645429183127345,-0.5789751404435931,,0.6294925460195345,,,
Brad Bedell,Colorado,,6-4,-1.0056321956942733,-1.227469271470581,1.244679782792812,-1.580573675331657,0.3185955309891294,-0.48225026690650613,-0.9864561295866748
Cooper Carlisle,Florida,,6-5,-1.4052211476257732,-0.7410986732003413,1.085804493297355,0.4453203609069352,-0.1251146545258844,-0.30026160175575545,-1.4607851475697473
Travis Claridge,USC,,6-5,-0.9257144053079733,-0.7951398507859224,1.244679782792812,0.6294925460195345,-0.1251146545258844,-0.4519188227147153,0.34166512076593414
Cosey Coleman,Tennessee,College Stats,6-4,0.5927236120317264,0.5558895888536346,0.13255275632461216,,0.022788740645786856,0.7006760565733654,0.8634270405473131
Adam Davis,Oklahoma State,,6-4,-0.4462076629901734,1.9609602060787725,-0.5029484016572163,,-1.3083418158992546,1.792608047477859,1.0057257459422364
Semisi Heimuli,Texas A&M,,6-1,-0.20645429183127345,0.5558895888536346,0.4503033353155264,-1.0280571199938593,-1.012535025555912,0.0637157285457433,-0.7492916205951385
Steve Herndon,Georgia,,6-4,-1.4052211476257732,-0.3628104301012638,,,,,
Al Jackson,LSU,,6-3,-0.8457966149216734,-0.524933962858012,,-1.2122293051064585,,,
Jeno James,Auburn,,6-3,0.43288803125912645,1.7447954957364433,-0.6618236911526735,-0.291368379543462,-1.012535025555912,1.792608047477859,2.0492495855049984
Ryan Johanningmeier,Colorado,,6-6,-0.3662898726038734,-0.2547280749301015,0.4503033353155264,,0.9102091116758145,-0.057610048221422946,-0.6069929152002151
Matt Johnson,BYU,,6-4,2.430832790916626,1.420548430222947,0.13255275632461216,1.7345256566951304,-0.2730180496975557,0.4580245030390329,0.9582928441439301
Leander Jordan,Indiana (PA),,6-4,1.2320659351221264,0.8801366543671261,1.085804493297355,-0.10719619443086267,0.4664989261608007,-0.02727860402963206,-0.13266389721714258
Andrew Kline,San Diego State,,6-2,-0.7658788245353734,0.7180131216103779,0.13255275632461216,0.07697599068173662,0.3185955309891294,-1.1495420391259192,-0.8915903259900619
Noel LaMontagne,Virginia,,6-4,-1.2453855668531733,-1.1193869162994188,,-0.8438849348812599,,,
Richard Mercier,Miami (FL),,6-3,-1.5650567283983732,0.5018484112680486,-0.5029484016572163,-1.3964014902190578,-0.5688248400408983,-0.23959871337217367,-0.03779809362052555
Mookie Moore,Troy,,6-3,0.43288803125912645,0.8260954767815449,-0.9795742701435878,1.5503534715825311,-1.012535025555912,1.3679678287927757,1.2903231567320792
Roger Roesler,Texas,,6-5,-0.046618711058673476,0.06951899058339002,0.6091786248109835,-0.10719619443086267,0.022788740645786856,1.1859791636420305,-0.13266389721714258
Blaine Saipaia,Colorado State,,6-3,0.5128058216454264,0.2856837009257193,,,,,
Manuia Savea,Arizona,,6-2,-0.5261254533764734,0.2316425233401382,-0.8206989806481306,-0.291368379543462,-1.3083418158992546,,
Mark Tauscher,Wisconsin,,6-3,0.2730524504865265,0.39376605609688636,-0.18519782266630208,-0.6597127497686606,-1.6041486062425971,-0.02727860402963206,0.2467993171693171
Jason Thomas,South Carolina,,6-3,-1.1654677764668733,-0.4168516076868497,0.6091786248109835,-0.47554056465606126,-0.1251146545258844,0.21537294950470043,
Ryan Tujague,Washington State,,6-5,-1.4052211476257732,-0.7410986732003413,-0.18519782266630208,-0.8438849348812599,-0.7167282352125696,0.7916703891487381,0.7685612369507002
Andy Vincent,Texas A&M,,6-4,-0.6859610341490734,-0.524933962858012,0.2914280458200693,-2.133090230669455,1.0581125068474857,-1.1495420391259192,-1.745382558359594
Tom Ashworth,Colorado,College Stats,6-6,-1.7248923091709731,-1.0113045611282516,1.8801809407746406,-1.0280571199938593,1.206015902019157,-1.5741822578109996,-2.314577379939284
David Bobo,TCU,,6-4,-1.964645680329873,-0.09260454217335334,1.085804493297355,-1.2122293051064585,0.7623057165041432,-0.330593045947549,0.48396382616085337
Jarvis Borum,North Carolina State,,6-7,1.3919015158947263,-1.335551626641748,0.9269292038018978,-0.10719619443086267,0.9102091116758145,0.4883559472308238,0.1993664153710107
Jeff Chase,Texas A&M-Kingsville,,6-3,-0.9257144053079733,-0.2547280749301015,,0.2611481757943359,,,
Dave Costa,Wisconsin,,6-6,-0.7658788245353734,0.2316425233401382,,-1.580573675331657,,,
Will Cuthbert,Alabama,,6-5,0.2730524504865265,1.2584248974662036,-0.9795742701435878,-1.580573675331657,-1.4562452110709259,2.79354570580698,1.2903231567320792
Rick DeMulling,Idaho,,6-4,-0.6060432437627734,-0.30876925251568266,1.244679782792812,1.1820091013573324,1.0581125068474857,-0.9068904855915867,-0.8915903259900619
Shawn Draper,Alabama,College Stats,6-3,-0.9257144053079733,0.0154778129978089,1.4035550722882693,-1.580573675331657,0.7623057165041432,0.5490188356144056,-0.08523099541883618
Bill Ferrario,Wisconsin,,6-2,-0.046618711058673476,0.0154778129978089,,-1.580573675331657,,,
Kynan Forney,Hawaii,,6-2,-0.20645429183127345,-0.09260454217335334,-0.18519782266630208,-0.47554056465606126,-0.5688248400408983,1.9442652684368187,-0.41726130800698524
Mike Gandy,Notre Dame,,6-4,-0.7658788245353734,-0.524933962858012,0.9269292038018978,,0.3185955309891294,0.336698726271864,-0.36982840620867885
Adam Haayer,Minnesota,,6-6,-1.3253033572394732,0.0154778129978089,,-0.47554056465606126,,,
Russ Hochstein,Nebraska,,6-3,-1.1654677764668733,0.5558895888536346,-0.34407311216175923,-1.7647458604442563,-0.8646316303842408,-0.20926726918038277,-0.46469420980529164
Steve Hutchinson,Michigan,College Stats,6-5,0.03329907932762651,-0.7951398507859224,1.8801809407746406,0.9978369162447331,0.7623057165041432,,-0.2275297008137554
Kevin Jordan,Fresno State,,6-5,-0.5261254533764734,-1.227469271470581,1.244679782792812,-1.0280571199938593,1.6497260875341708,,0.7685612369507002
Michael Keathley,TCU,,6-4,-0.5261254533764734,-0.30876925251568266,1.5624303617837263,0.4453203609069352,,,
Matt Lehr,Virginia Tech,,6-2,-1.964645680329873,-0.09260454217335334,1.244679782792812,0.4453203609069352,1.5018226923624995,-0.9978848181669621,-1.650516754762977
Victor Leyva,Arizona State,College Stats,6-3,-0.12653650144497347,0.17760134575455708,0.7680539143064407,2.102870026920329,0.614402321332472,0.24570439369649133,-0.2749626026120618
Shaun Mason,Michigan State,,6-5,-1.0056321956942733,1.0422601871238744,,,,,
Brent McCaffrey,USC,,6-4,-2.603988003420273,-0.524933962858012,,,,,
Mathias Nkwenti,Temple,,6-3,-1.7248923091709731,1.4745896078085328,2.515682098756469,0.6294925460195345,1.797629482705842,-0.7855647088244204,-2.8837722015189735
Dennis Norman,Princeton,,6-4,-0.7658788245353734,-0.7410986732003413,2.356806809261012,-0.10719619443086267,0.9102091116758145,0.4883559472308238,-0.32239550441037246
Josh Redding,Virginia Tech,,6-4,0.19313466010022648,0.9341778319527072,-0.18519782266630208,0.9978369162447331,-0.5688248400408983,-0.20926726918038277,0.05706770997608727
Ray Redziniak,Illinois,,6-3,-1.4851389380120732,1.0963013647094555,-0.18519782266630208,1.1820091013573324,-1.3083418158992546,0.7613389449569472,-0.08523099541883618
Bernard Robertson,Tulane,,6-3,-0.5261254533764734,-0.30876925251568266,0.7680539143064407,-1.2122293051064585,0.7623057165041432,0.427693058847242,-0.9864561295866748
Omar Smith,Kentucky,,6-2,-1.7248923091709731,0.17760134575455708,0.7680539143064407,-0.8438849348812599,-0.42092144486922695,,
Tim Stuber,Colorado State,,6-5,0.03329907932762651,1.6367131405652762,0.13255275632461216,-0.6597127497686606,-0.7167282352125696,0.427693058847242,-0.180096799015449
Alex Sulfsted,Miami (OH),,6-4,-0.20645429183127345,0.0154778129978089,0.9269292038018978,,-0.7167282352125696,,
Albert Traylor,NW State (LA),,6-3,-0.6060432437627734,0.6639719440247968,-0.18519782266630208,-1.0280571199938593,-0.7167282352125696,1.276973496217403,
Chris Valletta,Texas A&M,,6-3,-1.2453855668531733,0.12356016816897596,1.8801809407746406,-1.3964014902190578,-0.42092144486922695,-0.057610048221422946,-1.2236206385782111
Keydrick Vincent,Mississippi,,6-5,1.0722303543495264,1.6907543181508622,1.5624303617837263,-0.47554056465606126,-1.012535025555912,,
Chad Ward,Washington,,6-4,0.5128058216454264,-0.3628104301012638,1.5624303617837263,0.07697599068173662,-0.2730180496975557,0.18504150531290955,0.531396727959164
Louis Williams,LSU,,6-4,-1.2453855668531733,0.9882190095382931,0.2914280458200693,-0.10719619443086267,0.3185955309891294,-0.17893582498858918,-0.5595600134019086
Pork Chop Womack,Mississippi State,,6-4,2.430832790916626,1.1503425422950366,0.6091786248109835,-0.47554056465606126,-0.5688248400408983,2.611557040656229,0.8159941387490066
Paul Zukauskas,Boston Col.,College Stats,6-5,-0.6060432437627734,0.0154778129978089,,-0.6597127497686606,,,
P.J. Alexander,Syracuse,,6-4,-1.2453855668531733,0.4478072336824675,0.6091786248109835,,0.17069213581745812,-0.057610048221422946,-0.2749626026120618
Kevin Barry,Arizona,,6-4,0.8324769831906264,0.2316425233401382,0.2914280458200693,-0.291368379543462,1.0581125068474857,1.276973496217403,-0.2749626026120618
Martin Bibla,Miami (FL),,6-3,-0.6859610341490734,-1.173428093885,,1.7345256566951304,,,
Pete Campion,North Dakota State,,6-4,-0.6060432437627734,-0.2006868973445204,-0.6618236911526735,0.8136647311321338,-1.8999553965859397,0.12437861692932507,0.10450061177439368
Alonzo Cunningham,Iowa,,6-4,0.1132168697139265,0.8801366543671261,-1.138449559639045,,-0.42092144486922695,1.8229394916696497,-0.2749626026120618
Konrad Dean,Akron,,6-4,1.4718193062810263,1.4745896078085328,-0.026322533170844962,0.8136647311321338,-0.5688248400408983,1.3679678287927757,0.8634270405473131
Howard Duncan,Oklahoma,,6-4,0.7525591928043264,0.7720542991959638,0.2914280458200693,-0.6597127497686606,0.022788740645786856,1.1859791636420305,-0.46469420980529164
Steve Edwards,Central Florida,,6-5,3.230010694779626,1.0963013647094555,-1.4562001386299592,-1.0280571199938593,-1.012535025555912,1.3679678287927757,1.7172192729168494
Toniu Fonoti,Nebraska,,6-4,2.750503952461826,1.0422601871238744,0.2914280458200693,1.1820091013573324,-0.5688248400408983,0.6096817239979874,0.10450061177439368
Jonathan Goodwin,Michigan,,6-3,0.2730524504865265,-0.9032222059570895,,,,,
Andre Gurode,Colorado,College Stats,6-4,0.1132168697139265,0.2316425233401382,0.9269292038018978,,-0.1251146545258844,0.7006760565733654,1.2428902549337728
Eric Heitmann,Stanford,,6-4,-0.7658788245353734,-0.4168516076868497,0.13255275632461216,1.3661812864699316,0.3185955309891294,-1.0888791507423374,-0.8915903259900619
Artis Hicks,Memphis,,6-4,-0.9257144053079733,-1.173428093885,0.6091786248109835,-0.6597127497686606,0.4664989261608007,-0.20926726918038277,-0.7018587187968321
Antwan Kirk-Hughes,Texas,,6-3,0.1132168697139265,0.7180131216103779,-0.18519782266630208,,-0.8646316303842408,1.0949848310666523,0.5788296297574704
Broderick Lancaster,Colorado State,,6-4,-0.3662898726038734,-0.2006868973445204,,-2.133090230669455,,,
Tango McCauley,Arkansas,,6-3,-0.8457966149216734,0.12356016816897596,1.085804493297355,0.6294925460195345,0.4664989261608007,-0.057610048221422946,-0.03779809362052555
Qasim Mitchell,North Carolina A&T,,6-5,1.6316548870536263,-0.09260454217335334,-0.5029484016572163,-0.6597127497686606,,0.4580245030390329,0.7211283351523938
Shannon Money,Arkansas,,6-3,-1.5650567283983732,-0.4168516076868497,1.8801809407746406,-0.10719619443086267,0.9102091116758145,,
Marquise Muldrow,Arizona State,,6-2,0.1132168697139265,0.06951899058339002,-0.6618236911526735,0.6294925460195345,-0.42092144486922695,0.6096817239979874,0.05706770997608727
Melvin Paige,South Carolina,,6-5,-0.046618711058673476,0.2316425233401382,-1.297324849134502,0.8136647311321338,,,
Dwayne Pierce,LSU,,6-2,0.35297024087282647,1.0963013647094555,-0.5029484016572163,,-1.1604384207275833,0.6096817239979874,2.096682487303309
Mike Pucillo,Auburn,,6-4,0.19313466010022648,0.06951899058339002,0.13255275632461216,0.07697599068173662,,,
Victor Rogers,Colorado,,6-6,1.3119837255084263,1.4745896078085328,-0.8206989806481306,-1.0280571199938593,-1.1604384207275833,3.2788488128756446,1.764652174715156
Frank Romero,Oklahoma,,6-4,-1.1654677764668733,0.0154778129978089,-0.026322533170844962,-0.6597127497686606,-1.8999553965859397,-0.8158961530162113,0.009634808177780858
Kendall Simmons,Auburn,,6-3,-0.28637208221757343,0.0154778129978089,0.2914280458200693,-0.291368379543462,-0.42092144486922695,-0.23959871337217367,-0.36982840620867885
Ed Ta'amu,Utah,,6-2,1.6316548870536263,0.0154778129978089,0.4503033353155264,0.4453203609069352,,,
Justin Bates,Colorado,,6-4,-1.1654677764668733,0.4478072336824675,,-1.3964014902190578,,,
Jeremy Bridges,Southern Miss,,6-4,-1.0855499860805733,0.4478072336824675,0.2914280458200693,-0.10719619443086267,-0.7167282352125696,0.6096817239979874,-0.08523099541883618
Anthony Davis,Virginia Tech,,6-4,1.1521481447358264,0.2316425233401382,-0.026322533170844962,,-0.8646316303842408,1.0343219426830705,0.9108599423456237
Enoch DeMar,Indiana,,6-4,1.5517370966673263,1.7988366733220245,-1.6150754281254163,-0.6597127497686606,-1.6041486062425971,1.3073049404091939,1.480054763925309
David Diehl,Illinois,,6-6,-0.3662898726038734,-0.2006868973445204,0.13255275632461216,-0.6597127497686606,-0.7167282352125696,0.5490188356144056,0.8634270405473131
Robbie Doane,Texas,,6-6,-0.28637208221757343,-0.03856336458777222,-0.9795742701435878,,-2.3436655821009533,0.3670301704636549,-0.2749626026120618
Derrick Dockery,Texas,College Stats,6-6,2.590668371689226,1.528630785394114,-0.8206989806481306,,-1.3083418158992546,,
Gus Felder,Penn State,,6-3,0.7525591928043264,2.8796602250336707,-1.297324849134502,,-1.012535025555912,3.6428261431771407,3.5671024430508376
Makoa Freitas,Arizona,,6-4,-0.6060432437627734,-1.335551626641748,-0.9795742701435878,1.9186978418077296,-0.8646316303842408,0.9736590542994887,0.6262625315557768
Montrae Holland,Florida State,,6-1,1.4718193062810263,0.0154778129978089,,0.8136647311321338,,1.6409508265189046,1.6223534693202324
Alex Jackson,Georgia,,6-4,3.309928485165926,0.5558895888536346,,,,,
Jason Jowers,Wisconsin,,6-6,0.35297024087282647,0.7720542991959638,0.6091786248109835,,0.022788740645786856,1.2163106078338213,0.34166512076593414
Josh Kayser,Augustana (SD),,6-3,-0.20645429183127345,2.33924844917785,-0.5029484016572163,-0.8438849348812599,-0.8646316303842408,1.9745967126286097,1.4326218621270026
Sean Mahan,Notre Dame,,6-3,-1.0855499860805733,-0.8491810283715083,0.7680539143064407,0.8136647311321338,0.614402321332472,-0.5125817110982971,-0.08523099541883618
Vince Manuwai,Hawaii,,6-2,-0.8457966149216734,-1.2815104490561668,0.6091786248109835,0.2611481757943359,0.9102091116758145,-0.9978848181669621,-1.8402483619562071
Justin Sands,Kansas,,6-7,0.7525591928043264,-1.335551626641748,1.4035550722882693,0.9978369162447331,0.614402321332472,,
Greg Schindler,Stanford,,6-5,-0.6060432437627734,-1.1193869162994188,0.9269292038018978,-1.3964014902190578,-1.012535025555912,1.9442652684368187,1.6223534693202324
Chad Setterstrom,New Mexico,,6-3,-0.4462076629901734,0.7720542991959638,0.2914280458200693,-1.7647458604442563,-0.2730180496975557,0.03338428435394972,-0.6069929152002151
Ben Sobieski,Iowa,,6-5,-0.6060432437627734,-1.6057575145696585,0.7680539143064407,-1.3964014902190578,1.206015902019157,-0.6642389320572542,-1.413352245771441
Jamil Soriano,Harvard,,6-4,0.19313466010022648,0.9882190095382931,-0.026322533170844962,,0.3185955309891294,1.8836023800532316,1.3851889603286962
Eric Steinbach,Iowa,College Stats,6-6,-1.4052211476257732,-1.8219222249119877,2.6745573882519262,,2.68504985373587,-1.695508034578166,-1.745382558359594
Scott Tercero,California,,6-4,-0.9257144053079733,-0.3628104301012638,0.2914280458200693,-0.10719619443086267,0.3185955309891294,-0.330593045947549,-1.3184864421748281
Tony Terrell,UNLV,,6-3,1.5517370966673263,0.9882190095382931,-0.6618236911526735,-0.10719619443086267,-1.012535025555912,2.126253933587564,1.0057257459422364
Torrin Tucker,Southern Miss,,6-6,1.0722303543495264,0.2856837009257193,0.7680539143064407,,0.3185955309891294,1.4286307171763628,0.8634270405473131
Taylor Whitley,Texas A&M,,6-4,0.5128058216454264,-0.633016318029179,0.7680539143064407,0.4453203609069352,0.7623057165041432,0.09404717273753418,-0.9864561295866748
Jacob Bell,Miami (OH),,6-5,-1.0056321956942733,-0.4168516076868497,,0.07697599068173662,,,
Vernon Carey,Miami (FL),,6-4,1.6316548870536263,0.17760134575455708,,0.8136647311321338,,,
Quinn Christensen,BYU,,6-6,-0.20645429183127345,-1.0653457387138376,,1.1820091013573324,,,
Tyson Clabo,Wake Forest,,6-7,0.03329907932762651,1.1503425422950366,0.7680539143064407,-0.291368379543462,-0.1251146545258844,0.5186873914226147,0.436530924362547
Adrien Clarke,Ohio State,,6-5,1.1521481447358264,1.2043837198806175,-0.5029484016572163,,0.17069213581745812,-0.057610048221422946,-0.2275297008137554
Regis Crawford,Arizona State,,6-2,0.1132168697139265,4.06856613191648,,,,0.336698726271864,0.34166512076593414
Trey Darilek,Texas-El Paso,,6-4,-1.0855499860805733,-0.3628104301012638,0.2914280458200693,-0.6597127497686606,1.3539192971908283,-0.20926726918038277,-0.8441574241917513
Khiawatha Downey,Indiana (PA),,6-4,1.3919015158947263,1.0963013647094555,-0.34407311216175923,-0.8438849348812599,-0.42092144486922695,0.27603583788828223,0.1519335135727043
Antonio Hall,Kentucky,,6-3,0.19313466010022648,1.3124660750517847,-0.34407311216175923,0.2611481757943359,0.022788740645786856,0.6096817239979874,-1.1287548349815983
Joseph Hayes,San Jose State,,6-4,-0.28637208221757343,2.015001383664354,-1.4562001386299592,-1.3964014902190578,-1.012535025555912,1.0039904984912797,1.574920567521926
Anthony Herrera,Tennessee,,6-2,0.03329907932762651,-0.524933962858012,,,,,
Sean Locklear,North Carolina State,College Stats,6-4,-0.5261254533764734,-0.7410986732003413,0.4503033353155264,0.2611481757943359,-0.1251146545258844,-0.20926726918038277,-1.0813219331832917
Stephen Peterman,LSU,College Stats,6-4,-0.20645429183127345,0.8801366543671261,-0.9795742701435878,-0.47554056465606126,-0.8646316303842408,-0.1486043807967983,-0.5121271116036022
Alan Reuber,Texas A&M,,6-6,0.6726414024180264,1.0422601871238744,0.4503033353155264,0.07697599068173662,-0.42092144486922695,0.09404717273753418,0.5788296297574704
Justin Smiley,Alabama,,6-3,-1.3253033572394732,-1.227469271470581,1.4035550722882693,-1.2122293051064585,1.5018226923624995,-0.6035760436736723,-1.7928154601579005
Chris Snee,Boston Col.,,6-3,-0.046618711058673476,-1.0653457387138376,0.9269292038018978,0.6294925460195345,0.4664989261608007,-0.5125817110982971,-0.6069929152002151
Shannon Snell,Florida,,6-4,0.1132168697139265,2.82561904744809,-0.6618236911526735,-0.8438849348812599,-1.1604384207275833,1.398299272984572,0.5788296297574704
Jeb Terry,North Carolina,,6-5,-0.12653650144497347,-0.524933962858012,0.4503033353155264,0.2611481757943359,0.614402321332472,0.336698726271864,0.9108599423456237
David Baas,Michigan,College Stats,6-4,0.35297024087282647,-1.2815104490561668,0.6091786248109835,0.6294925460195345,0.614402321332472,-1.2708678158930853,-1.5556509511663643
C.J. Brooks,Maryland,,6-5,-0.4462076629901734,-0.633016318029179,1.244679782792812,-0.291368379543462,1.0581125068474857,-0.9372219297833776,-1.0813219331832917
Elton Brown,Virginia,College Stats,6-5,1.1521481447358264,-1.9840457576687358,,,,,
Doug Buckles,Mississippi,,6-5,-0.28637208221757343,1.2584248974662036,-1.297324849134502,-1.3964014902190578,-1.7520520014142684,0.7613389449569472,0.05706770997608727
Dan Buenning,Wisconsin,,6-4,0.43288803125912645,0.2856837009257193,0.13255275632461216,0.6294925460195345,1.5018226923624995,-0.057610048221422946,-0.9390232277883684
Jonathan Clinkscale,Wisconsin,,6-2,0.03329907932762651,1.1503425422950366,-0.026322533170844962,,-0.2730180496975557,,
Dylan Gandy,Texas Tech,,6-3,-0.8457966149216734,-0.9572633835426706,0.6091786248109835,,-0.1251146545258844,-0.9068904855915867,-1.3184864421748281
Marcus Johnson,Mississippi,,6-6,0.5128058216454264,0.8260954767815449,-0.026322533170844962,-0.8438849348812599,0.4664989261608007,-0.6339074878654632,-0.36982840620867885
Chris Kemoeatu,Utah,,6-3,2.350915000530326,0.2316425233401382,0.4503033353155264,0.07697599068173662,-0.42092144486922695,-0.5125817110982971,-1.1761877367799047
Logan Mankins,Fresno State,,6-4,-0.6060432437627734,-1.2815104490561668,1.244679782792812,-0.8438849348812599,-0.8646316303842408,-1.2102049275095037,-1.650516754762977
Evan Mathis,Alabama,,6-5,-0.8457966149216734,-2.038086935254317,2.515682098756469,1.7345256566951304,2.3892430633925272,-1.665176590386375,-2.9786380051155863
Chris Myers,Miami (FL),,6-5,-1.1654677764668733,-1.0113045611282516,,-0.10719619443086267,,,
Doug Nienhuis,Oregon State,,6-6,-0.6060432437627734,-0.7951398507859224,0.6091786248109835,-0.6597127497686606,-0.2730180496975557,-1.2708678158930853,-1.508218049368058
Leon Robinson,Georgia Tech,,6-4,-0.046618711058673476,-0.4168516076868497,2.6745573882519262,-0.6597127497686606,1.206015902019157,1.0646533868748616,-0.13266389721714258
Adam Snyder,Oregon,,6-5,0.1132168697139265,0.2316425233401382,0.2914280458200693,-0.8438849348812599,-1.1604384207275833,-0.26993015756396455,0.1993664153710107
Nick Steitz,Oregon,,6-3,-0.20645429183127345,2.1771249164211017,1.085804493297355,,-0.2730180496975557,0.7310075007651563,-0.6544258169985215
Claude Terrell,New Mexico,,6-2,2.270997210144026,0.6639719440247968,-0.9795742701435878,0.2611481757943359,-1.7520520014142684,0.7613389449569472,-0.180096799015449
Scott Young,BYU,,6-4,-0.20645429183127345,-1.173428093885,2.356806809261012,3.207903137595925,2.0934362730491847,-1.3921935926602516,-1.9825470673511305
Max Jean-Gilles,Georgia,College Stats,6-4,3.230010694779626,0.9882190095382931,-0.9795742701435878,0.2611481757943359,-0.8646316303842408,1.9442652684368187,1.3851889603286962
Davin Joseph,Oklahoma,College Stats,6-3,-0.28637208221757343,-1.1193869162994188,1.4035550722882693,-0.291368379543462,1.5018226923624995,,0.8634270405473131
Chris Kuper,North Dakota,,6-4,-1.0855499860805733,-1.0653457387138376,0.7680539143064407,-0.291368379543462,1.206015902019157,-0.9978848181669621,-0.8915903259900619
Deuce Lutui,USC,,6-4,1.5517370966673263,0.2856837009257193,0.13255275632461216,0.07697599068173662,-0.5688248400408983,0.3670301704636549,-0.13266389721714258
Fred Matua,USC,,6-2,-0.6859610341490734,-1.6057575145696585,-0.9795742701435878,0.4453203609069352,-1.1604384207275833,-0.1486043807967983,-0.13266389721714258
Robin Meadow,Michigan State,,6-5,0.7525591928043264,0.5558895888536346,-1.138449559639045,0.6294925460195345,-0.2730180496975557,0.0637157285457433,-0.2749626026120618
Troy Reddick,Auburn,,6-5,1.5517370966673263,1.4745896078085328,,-0.8438849348812599,,0.0030528401621588296,0.1519335135727043
Mark Setterstrom,Minnesota,,6-4,-0.046618711058673476,0.4478072336824675,-0.34407311216175923,-1.2122293051064585,-0.1251146545258844,-0.8765590413997958,-1.2236206385782111
Rob Sims,Ohio State,,6-3,-0.6060432437627734,-0.2547280749301015,,0.2611481757943359,,,
Isaac Sowells,Indiana,,6-3,0.7525591928043264,-0.7951398507859224,0.2914280458200693,-1.0280571199938593,0.022788740645786856,0.6400131681897836,0.9108599423456237
Charles Spencer,Pittsburgh,,6-5,2.990257323620726,-0.2547280749301015,,0.8136647311321338,,,
Jason Spitz,Louisville,College Stats,6-3,-0.12653650144497347,0.5558895888536346,0.2914280458200693,-0.10719619443086267,0.17069213581745812,-0.30026160175575545,-1.1287548349815983
Adam Stenavich,Michigan,,6-4,-0.3662898726038734,1.6367131405652762,,-0.291368379543462,,,
Dan Stevenson,Notre Dame,,6-5,-1.1654677764668733,0.33972487851130523,-0.9795742701435878,-0.291368379543462,-0.1251146545258844,-1.028216262358753,-0.9390232277883684
Tony Tella,Miami (FL),,6-4,-0.6060432437627734,0.7720542991959638,-0.9795742701435878,-0.291368379543462,-0.5688248400408983,0.7613389449569472,0.2467993171693171
Andy Alleman,Akron,,6-4,-0.7658788245353734,-1.227469271470581,0.7680539143064407,0.2611481757943359,0.7623057165041432,-0.3609244901393399,-0.6544258169985215
Josh Beekman,Boston Col.,College Stats,6-2,-0.12653650144497347,0.33972487851130523,-0.6618236911526735,-0.291368379543462,-1.1604384207275833,0.9736590542994887,0.10450061177439368
Nate Bennett,Michigan State,,6-4,0.1132168697139265,0.9341778319527072,-0.34407311216175923,1.5503534715825311,-1.6041486062425971,0.7006760565733654,1.1954573531354664
Stephen Berg,Arizona State,,6-5,1.2320659351221264,0.4478072336824675,,-1.2122293051064585,,,
Justin Blalock,Texas,College Stats,6-3,0.43288803125912645,-1.0653457387138376,0.2914280458200693,2.6553865822581266,0.022788740645786856,-0.5125817110982971,-0.32239550441037246
Tim Duckworth,Auburn,,6-3,-0.6859610341490734,0.6639719440247968,-0.8206989806481306,-1.0280571199938593,-1.012535025555912,1.0343219426830705,-0.03779809362052555
Ben Grubbs,Auburn,College Stats,6-3,-0.28637208221757343,-0.633016318029179,-0.34407311216175923,0.6294925460195345,0.3185955309891294,0.21537294950470043,-0.32239550441037246
Mike Jones,Iowa,College Stats,6-5,-0.4462076629901734,0.8801366543671261,-0.6618236911526735,0.4453203609069352,-0.42092144486922695,-0.3609244901393399,0.436530924362547
Uche Nwaneri,Purdue,,6-3,0.8324769831906264,0.39376605609688636,,-0.291368379543462,,,
Manny Ramirez,Texas Tech,College Stats,6-3,0.9123947735769263,-0.30876925251568266,,2.6553865822581266,,,
Dan Santucci,Notre Dame,College Stats,6-3,-1.0855499860805733,-0.9032222059570895,0.4503033353155264,-0.47554056465606126,0.17069213581745812,-1.3618621484684608,-0.2275297008137554
Arron Sears,Tennessee,College Stats,6-3,0.35297024087282647,-1.1193869162994188,,-0.8438849348812599,,,
Cameron Stephenson,Rutgers,,6-3,-0.6859610341490734,0.5558895888536346,0.2914280458200693,1.5503534715825311,0.022788740645786856,-0.6035760436736723,0.10450061177439368
Kasey Studdard,Texas,,6-2,-0.9257144053079733,-0.633016318029179,,1.1820091013573324,,,
Palauni Ma Sun,Oregon,,6-5,0.35297024087282647,3.041783757790419,-0.9795742701435878,-0.6597127497686606,-1.4562452110709259,2.3689054871218964,1.053158647740543
Mansfield Wrotto,Georgia Tech,College Stats,6-3,0.19313466010022648,0.5558895888536346,,0.2611481757943359,-1.3083418158992546,1.276973496217403,0.6262625315557768
Branden Albert,Virginia,College Stats,6-6,-0.4462076629901734,-0.6870574956147601,-0.5029484016572163,-0.47554056465606126,1.5018226923624995,0.15471006112111596,-0.03779809362052555
James Blair,West. Michigan,,6-3,0.6726414024180264,-0.09260454217335334,-1.297324849134502,0.4453203609069352,0.3185955309891294,1.5802879381353172,2.5710115052863816
Andrew Crummey,Maryland,,6-5,-1.2453855668531733,0.12356016816897596,,,,,
Robert Felton,Arkansas,,6-4,0.03329907932762651,1.1503425422950366,-1.4562001386299592,-0.6597127497686606,-0.42092144486922695,0.4883559472308238,0.2467993171693171
Mike Gibson,California,,6-3,-0.7658788245353734,-0.14664571975893928,-0.18519782266630208,0.9978369162447331,1.3539192971908283,-2.15047969745504,-0.7018587187968321
Chris McDuffie,Clemson,,6-4,1.2320659351221264,0.0154778129978089,,0.6294925460195345,,,
Mike McGlynn,Pittsburgh,,6-4,-0.28637208221757343,0.4478072336824675,-1.4562001386299592,0.8136647311321338,0.022788740645786856,-1.028216262358753,-0.32239550441037246
Shawn Murphy,Utah State,College Stats,6-4,0.43288803125912645,0.4478072336824675,-1.9328260071163306,0.6294925460195345,-0.1251146545258844,-0.5429131552900879,0.48396382616085337
Chilo Rachal,USC,,6-5,0.03329907932762651,-0.7410986732003413,-0.6618236911526735,0.4453203609069352,1.0581125068474857,0.27603583788828223,1.6697863711185388
Drew Radovich,USC,College Stats,6-4,-1.0855499860805733,0.17760134575455708,-1.4562001386299592,-0.8438849348812599,1.0581125068474857,-1.3618621484684608,-1.2236206385782111
Chad Rinehart,New Mexico,,6-5,0.43288803125912645,0.6639719440247968,0.2914280458200693,0.07697599068173662,0.7623057165041432,-0.23959871337217367,-1.0813219331832917
Roy Schuening,Oregon State,College Stats,6-4,-0.6859610341490734,-0.03856336458777222,-0.8206989806481306,0.07697599068173662,,,
Donald Thomas,Connecticut,College Stats,6-3,-0.9257144053079733,-1.6057575145696585,-0.9795742701435878,0.4453203609069352,-0.1251146545258844,-1.4225250368520426,-0.03779809362052555
Eric Young,East. Michigan,College Stats,6-4,-0.3662898726038734,-0.633016318029179,,,,,
Roger Allen,Missouri Western State,,6-3,0.9123947735769263,-0.2547280749301015,,,,,
Travis Bright,BYU,College Stats,6-4,0.5128058216454264,-0.2006868973445204,2.515682098756469,1.5503534715825311,1.0581125068474857,-0.5125817110982971,-0.32239550441037246
Trevor Canfield,Cincinnati,,6-4,-0.6060432437627734,-0.09260454217335334,,0.6294925460195345,,,
C.J. Davis,Pittsburgh,College Stats,6-2,-0.5261254533764734,1.1503425422950366,-0.6618236911526735,-0.8438849348812599,-1.8999553965859397,0.5186873914226147,0.6736954333540832
Paul Fanaika,Arizona State,,6-5,0.9923125639632263,0.9882190095382931,,-1.9489180455568558,,,
Ray Feinga,BYU,,6-4,1.7914904678262262,0.12356016816897596,,0.8136647311321338,,,
Juan Garcia,Washington,,6-2,-0.6060432437627734,-0.09260454217335334,-0.8206989806481306,1.5503534715825311,-1.1604384207275833,0.24570439369649133,0.38909802256424053
Dan Gay,Baylor,,6-4,-0.5261254533764734,0.9882190095382931,-1.6150754281254163,-1.3964014902190578,-2.1957621869292825,2.277911154546524,2.997907621471148
Tyronne Green,Auburn,College Stats,6-2,-0.4462076629901734,0.5558895888536346,,-0.6597127497686606,,,
Greg Isdaner,West Virginia,,6-3,0.8324769831906264,-0.09260454217335334,-0.18519782266630208,-0.291368379543462,-1.3083418158992546,0.12437861692932507,1.3377560585303898
Herman Johnson,LSU,College Stats,6-7,3.9492708082563257,1.0963013647094555,,-0.8438849348812599,,,
Andy Kemp,Wisconsin,,6-5,-0.12653650144497347,0.2856837009257193,-0.6618236911526735,-0.47554056465606126,-1.4562452110709259,-0.17893582498858918,0.34166512076593414
Andy Levitre,Oregon State,College Stats,6-3,-0.7658788245353734,0.17760134575455708,0.9269292038018978,-0.47554056465606126,0.3185955309891294,,-1.2710535403765217
Mo Miller,Michigan State,,6-3,0.9923125639632263,0.4478072336824675,0.2914280458200693,-0.8438849348812599,-0.5688248400408983,1.5196250497517356,1.14802445133716
Seth Olsen,Iowa,College Stats,6-5,-0.6859610341490734,-0.3628104301012638,-0.9795742701435878,-0.47554056465606126,-1.6041486062425971,-0.9978848181669621,-0.41726130800698524
Anthony Parker,Tennessee,College Stats,6-2,-1.4052211476257732,-1.173428093885,,-0.291368379543462,,,
Duke Robinson,Oklahoma,College Stats,6-5,1.1521481447358264,0.12356016816897596,,,,,
Matt Slauson,Nebraska,,6-5,0.1132168697139265,-0.2006868973445204,2.0390562302700976,,1.3539192971908283,-0.17893582498858918,0.34166512076593414
Jaimie Thomas,Maryland,College Stats,6-4,0.6726414024180264,-0.03856336458777222,,-1.0280571199938593,,,
Kraig Urbik,Wisconsin,College Stats,6-5,1.0722303543495264,-0.2547280749301015,-1.138449559639045,0.6294925460195345,-1.012535025555912,-0.1486043807967983,0.48396382616085337
Louis Vasquez,Texas Tech,College Stats,6-5,1.4718193062810263,-0.4168516076868497,,2.4712143971455274,,,
Brandon Walker,Notre Dame,College Stats,6-3,-0.6859610341490734,-1.1193869162994188,2.0390562302700976,0.07697599068173662,1.206015902019157,,1.3377560585303898
Jon Asamoah,Illinois,,6-4,-0.7658788245353734,-1.227469271470581,,,,,
Zane Beadles,Utah,College Stats,6-4,-0.3662898726038734,-0.09260454217335334,,0.2611481757943359,,,
Ciron Black,LSU,,6-4,0.9923125639632263,1.2584248974662036,-0.6618236911526735,-0.47554056465606126,-1.4562452110709259,1.8229394916696497,1.6223534693202324
Dorian Brooks,James Madison,,6-2,-0.6859610341490734,-0.7951398507859224,-1.4562001386299592,0.07697599068173662,-0.1251146545258844,-0.5732445994818788,-0.6069929152002151
Brandon Carter,Texas Tech,College Stats,6-6,1.1521481447358264,0.2316425233401382,-0.9795742701435878,-0.6597127497686606,0.17069213581745812,-0.30026160175575545,0.7211283351523938
Chris DeGeare,Wake Forest,,6-4,0.8324769831906264,-0.9572633835426706,1.5624303617837263,0.2611481757943359,0.3185955309891294,-0.23959871337217367,0.531396727959164
Kurtis Gregory,Missouri,,6-4,-0.7658788245353734,0.06951899058339002,-0.6618236911526735,0.07697599068173662,-1.4562452110709259,-0.9068904855915867,0.6736954333540832
Mike Iupati,Idaho,College Stats,6-5,1.3119837255084263,-0.30876925251568266,-0.026322533170844962,0.2611481757943359,-1.3083418158992546,-0.20926726918038277,0.6736954333540832
Mike Johnson,Alabama,College Stats,6-5,-0.20645429183127345,0.39376605609688636,-0.8206989806481306,,-1.4562452110709259,0.7006760565733654,1.053158647740543
Shawn Lauvao,Arizona State,College Stats,6-3,0.03329907932762651,-0.4168516076868497,-0.34407311216175923,1.3661812864699316,0.022788740645786856,-1.0888791507423374,-1.3184864421748281
Marshall Newhouse,TCU,College Stats,6-4,0.35297024087282647,-1.6597986921552397,-0.8206989806481306,-0.10719619443086267,-0.5688248400408983,-1.5741822578109996,-0.8915903259900619
Alex Parsons,USC,College Stats,6-4,-0.4462076629901734,-0.9572633835426706,-0.18519782266630208,-0.47554056465606126,-0.2730180496975557,,
Mitch Petrus,Arkansas,College Stats,6-3,-0.3662898726038734,0.2316425233401382,,3.5762475078211233,,,
Dace Richardson,Iowa,,6-5,0.43288803125912645,2.5013719819345934,-1.297324849134502,-1.2122293051064585,-2.047858791757611,2.0049281568204007,2.808176014277918
Chris Scott,Tennessee,,6-5,0.35297024087282647,1.2043837198806175,-1.6150754281254163,-1.2122293051064585,-1.6041486062425971,0.9736590542994887,1.14802445133716
Shelley Smith,Colorado State,,6-3,-1.1654677764668733,-1.4436339818129102,2.0390562302700976,0.07697599068173662,1.6497260875341708,-0.7552332646326295,-0.36982840620867885
Mike Tepper,California,,6-5,0.7525591928043264,0.06951899058339002,-0.34407311216175923,0.4453203609069352,-1.012535025555912,0.09404717273753418,2.191548290899922
Adam Ulatoski,Texas,,6-5,-1.1654677764668733,1.2043837198806175,-0.5029484016572163,-0.291368379543462,-1.012535025555912,0.18504150531290955,0.9582928441439301
David Arkin,Missouri State,,6-5,-1.1654677764668733,0.06951899058339002,0.4503033353155264,-0.10719619443086267,0.3185955309891294,-0.9675533739751712,-0.7492916205951385
Clint Boling,Georgia,College Stats,6-5,-0.5261254533764734,-0.09260454217335334,1.085804493297355,0.4453203609069352,0.17069213581745812,-0.7855647088244204,-0.7018587187968321
Justin Boren,Ohio State,,6-3,-0.4462076629901734,0.5558895888536346,,0.4453203609069352,,-1.0585477065505438,-0.180096799015449
Garrett Chisolm,South Carolina,,6-5,-0.20645429183127345,0.33972487851130523,,,,,
Ray Dominguez,Arkansas,College Stats,6-4,1.5517370966673263,0.8260954767815449,-0.026322533170844962,-0.8438849348812599,-1.6041486062425971,-0.5429131552900879,0.531396727959164
Ricky Henry,Nebraska,College Stats,6-3,-0.5261254533764734,2.069042561249935,-1.138449559639045,-1.0280571199938593,-1.6041486062425971,0.18504150531290955,-0.5121271116036022
Zach Hurd,Connecticut,,6-7,0.1132168697139265,-0.09260454217335334,0.13255275632461216,,0.022788740645786856,-0.5732445994818788,-0.08523099541883618
Maurice Hurt,Florida,,6-3,0.2730524504865265,0.5018484112680486,,-1.3964014902190578,,,
Ben Ijalana,Villanova,,6-4,0.19313466010022648,-0.524933962858012,,,,,
Andrew Jackson,Fresno State,College Stats,6-5,-1.2453855668531733,-0.14664571975893928,0.13255275632461216,-0.10719619443086267,-0.42092144486922695,-1.1192105949341282,-0.6544258169985215
Carl Johnson,Florida,,6-5,3.7095174370974258,0.5558895888536346,-0.6618236911526735,-0.10719619443086267,-0.7167282352125696,,1.14802445133716
Daniel Kilgore,Appalachian State,,6-3,-0.5261254533764734,-0.09260454217335334,1.5624303617837263,-0.47554056465606126,0.614402321332472,-0.9978848181669621,-0.5121271116036022
John Moffitt,Wisconsin,,6-4,0.35297024087282647,1.1503425422950366,0.9269292038018978,-0.47554056465606126,0.17069213581745812,-0.3912559343311308,-1.2236206385782111
Mike Person,Montana State,,6-4,-1.2453855668531733,-1.227469271470581,0.13255275632461216,-0.8438849348812599,1.0581125068474857,-1.4528564810438334,-1.3659193439731345
Mike Pouncey,Florida,College Stats,6-5,-0.9257144053079733,-0.9572633835426706,-0.8206989806481306,,-0.7167282352125696,-0.7855647088244204,-0.7018587187968321
Will Rackley,Lehigh,,6-3,-0.4462076629901734,0.5018484112680486,-1.297324849134502,0.6294925460195345,-0.2730180496975557,-0.02727860402963206,0.7211283351523938
Steve Schilling,Michigan,,6-4,-0.5261254533764734,-0.633016318029179,-0.6618236911526735,0.8136647311321338,-0.42092144486922695,-0.5732445994818788,-0.7967245223934449
Caleb Schlauderaff,Utah,,6-4,-0.7658788245353734,-0.633016318029179,,,,,
Isaiah Thompson,Houston,College Stats,6-3,-1.1654677764668733,3.798360243988569,-0.8206989806481306,-0.47554056465606126,-2.787375767615967,3.400174589642808,3.6619682466474504
Julian Vandervelde,Iowa,College Stats,6-2,-1.0855499860805733,-0.9572633835426706,1.085804493297355,-0.47554056465606126,0.4664989261608007,-1.3921935926602516,-0.9390232277883684
Danny Watkins,Baylor,College Stats,6-3,-0.3662898726038734,0.33972487851130523,-0.5029484016572163,0.6294925460195345,-1.3083418158992546,-0.9372219297833776,-0.7967245223934449
Keith Williams,Nebraska,College Stats,6-4,0.2730524504865265,-0.09260454217335334,-0.9795742701435878,-0.47554056465606126,-1.1604384207275833,1.5196250497517356,1.14802445133716
Mark Asper,Oregon,College Stats,6-6,0.35297024087282647,0.12356016816897596,,-0.47554056465606126,,,
Kelvin Beachum,SMU,,6-3,-0.9257144053079733,0.4478072336824675,0.2914280458200693,-1.2122293051064585,0.022788740645786856,-0.3912559343311308,0.05706770997608727
James Brown,Troy,College Stats,6-3,-0.6859610341490734,-0.5789751404435931,-0.6618236911526735,-0.291368379543462,0.17069213581745812,-0.6642389320572542,-0.03779809362052555
David DeCastro,Stanford,College Stats,6-5,0.1132168697139265,0.12356016816897596,0.6091786248109835,1.5503534715825311,-0.42092144486922695,-1.8774966997289166,-1.0813219331832917
Adam Gettis,Iowa,,6-2,-1.7248923091709731,-2.146169290425479,1.244679782792812,,1.6497260875341708,0.21537294950470043,-0.6544258169985215
Rishaw Johnson,California (PA),,6-3,-0.12653650144497347,-0.9572633835426706,1.244679782792812,-0.6597127497686606,1.0581125068474857,-0.1486043807967983,-1.2236206385782111
Senio Kelemete,Washington,College Stats,6-4,-0.6060432437627734,0.5018484112680486,-0.8206989806481306,-0.8438849348812599,0.022788740645786856,-0.4519188227147153,-0.9864561295866748
Ronald Leary,Memphis,College Stats,6-3,0.03329907932762651,-0.3628104301012638,0.4503033353155264,0.8136647311321338,0.4664989261608007,-0.1486043807967983,0.5788296297574704
Josh LeRibeus,SMU,,6-3,-0.20645429183127345,0.06951899058339002,-0.5029484016572163,0.6294925460195345,-0.7167282352125696,-0.8462275972080049,-0.6544258169985215
Joe Looney,Wake Forest,College Stats,6-3,-0.4462076629901734,-1.4976751593984963,,0.07697599068173662,,,
Antoine McClain,Clemson,,6-5,1.1521481447358264,0.9882190095382931,-0.18519782266630208,-1.2122293051064585,-1.4562452110709259,0.6400131681897836,0.1519335135727043
Ryan Miller,Colorado,College Stats,6-7,0.5128058216454264,-0.7410986732003413,0.13255275632461216,1.1820091013573324,-0.1251146545258844,-0.6035760436736723,-0.03779809362052555
Lucas Nix,Pittsburgh,College Stats,6-5,0.19313466010022648,0.33972487851130523,0.6091786248109835,,0.17069213581745812,-0.330593045947549,0.531396727959164
Amini Silatolu,Midwestern State,,6-4,-0.28637208221757343,0.17760134575455708,1.244679782792812,0.4453203609069352,0.9102091116758145,0.09404717273753418,0.38909802256424053
Andrew Tiller,Syracuse,College Stats,6-4,0.7525591928043264,0.7720542991959638,-1.4562001386299592,-1.7647458604442563,-2.3436655821009533,0.0030528401621588296,0.05706770997608727
Johnnie Troutman,Penn State,College Stats,6-4,0.8324769831906264,1.2043837198806175,-0.026322533170844962,0.9978369162447331,,0.12437861692932507,1.0057257459422364
Brandon Washington,Miami (FL),College Stats,6-3,0.43288803125912645,-0.8491810283715083,-0.8206989806481306,0.4453203609069352,0.022788740645786856,0.912996165915907,0.38909802256424053
Rokevious Watkins,South Carolina,,6-4,1.8714082582125262,-0.03856336458777222,-0.18519782266630208,,0.17069213581745812,-0.1486043807967983,0.531396727959164
Desmond Wynn,Rutgers,College Stats,6-5,-0.9257144053079733,-1.7138398697408206,1.5624303617837263,0.4453203609069352,,,
Kevin Zeitler,Wisconsin,College Stats,6-4,-0.046618711058673476,0.12356016816897596,0.4503033353155264,1.1820091013573324,0.022788740645786856,-0.4519188227147153,-0.8441574241917513
Zach Allen,North Carolina State,,6-2,1.3919015158947263,0.7180131216103779,,1.1820091013573324,,,
Jeff Baca,UCLA,,6-3,-1.0056321956942733,-1.4436339818129102,-0.34407311216175923,,-0.1251146545258844,-1.998822476496083,-1.650516754762977
Alvin Bailey,Arkansas,College Stats,6-3,-0.20645429183127345,-1.8759634024975689,,0.2611481757943359,,,
Chris Barker,Nevada,,6-3,-0.7658788245353734,-0.2547280749301015,-0.026322533170844962,0.6294925460195345,-0.2730180496975557,0.5186873914226147,-0.08523099541883618
Travis Bond,North Carolina,College Stats,6-6,1.1521481447358264,-0.14664571975893928,-1.6150754281254163,-0.6597127497686606,-0.42092144486922695,-0.20926726918038277,0.8159941387490066
Jonathan Cooper,North Carolina,College Stats,6-2,-0.28637208221757343,-1.227469271470581,-0.18519782266630208,1.7345256566951304,1.0581125068474857,-0.42158737852292166,0.2467993171693171
Manese Foketi,Texas A&M,,6-5,0.2730524504865265,1.3124660750517847,-1.297324849134502,-0.10719619443086267,0.17069213581745812,0.5793502798061965,1.2903231567320792
Eric Herman,Ohio,College Stats,6-4,0.43288803125912645,-0.2547280749301015,0.13255275632461216,1.9186978418077296,-0.8646316303842408,0.21537294950470043,1.4326218621270026
Mark Jackson,Glenville State,,6-5,1.0722303543495264,1.9069190284931914,-2.2505765861072446,-1.0280571199938593,-1.4562452110709259,0.4580245030390329,1.14802445133716
Jamaal Johnson-Webb,Alabama A&M,,6-5,-0.12653650144497347,0.39376605609688636,-1.4562001386299592,-1.580573675331657,-1.3083418158992546,0.6096817239979874,-0.2275297008137554
Edmund Kugbila,Valdosta State,,6-4,0.19313466010022648,-0.9032222059570895,-1.6150754281254163,-0.47554056465606126,0.614402321332472,-0.6035760436736723,-0.6544258169985215
Kyle Long,Oregon,,6-6,-0.12653650144497347,-2.092128112839898,0.13255275632461216,,0.9102091116758145,-0.26993015756396455,-0.7492916205951385
Lamar Mady,Youngstown State,,6-2,0.19313466010022648,0.9882190095382931,-1.4562001386299592,1.7345256566951304,-0.8646316303842408,0.4580245030390329,0.1519335135727043
Stephane Milhim,Massachusetts,College Stats,6-4,-0.046618711058673476,-0.8491810283715083,0.2914280458200693,,0.4664989261608007,,0.38909802256424053
Hugh Thornton,Illinois,College Stats,6-3,0.43288803125912645,-1.0113045611282516,,0.2611481757943359,,-1.4225250368520426,-0.7492916205951385
J.C. Tretter,Cornell,,6-4,-0.6060432437627734,-1.1193869162994188,0.6091786248109835,0.6294925460195345,1.206015902019157,-1.331530704276667,-0.46469420980529164
Larry Warford,Kentucky,,6-3,1.3919015158947263,1.528630785394114,-1.6150754281254163,0.4453203609069352,-0.7167282352125696,-0.42158737852292166,1.480054763925309
Chance Warmack,Alabama,College Stats,6-2,0.19313466010022648,1.0422601871238744,,,1.3539192971908283,,
Earl Watford,James Madison,,6-3,-1.1654677764668733,-1.2815104490561668,0.7680539143064407,-0.291368379543462,0.9102091116758145,-0.4519188227147153,1.0057257459422364
Brian Winters,Kent State,,6-4,0.43288803125912645,-0.4168516076868497,,-3.0539511562324515,,,
Joel Bitonio,Nevada,College Stats,6-4,-1.0056321956942733,-2.038086935254317,1.4035550722882693,-0.6597127497686606,1.9455328778775134,-1.665176590386375,-1.650516754762977
Russell Bodine,North Carolina,College Stats,6-3,-0.3662898726038734,-0.633016318029179,0.4503033353155264,3.0237309524833256,1.206015902019157,1.0343219426830705,-0.6069929152002151
Conor Boffeli,Iowa,,6-4,-1.3253033572394732,0.0154778129978089,-0.8206989806481306,-0.8438849348812599,0.022788740645786856,-1.4528564810438334,-0.8441574241917513
Dakota Dozier,Furman,,6-4,-0.12653650144497347,0.6639719440247968,-1.138449559639045,-0.47554056465606126,0.022788740645786856,0.6703446123815745,0.48396382616085337
Kadeem Edwards,Tennessee State,,6-4,-0.12653650144497347,-0.2547280749301015,-0.18519782266630208,0.07697599068173662,-0.2730180496975557,0.09404717273753418,0.1519335135727043
Zach Fulton,Tennessee,College Stats,6-5,0.1132168697139265,-0.7410986732003413,-0.9795742701435878,-0.10719619443086267,-0.42092144486922695,-0.1486043807967983,1.764652174715156
Ryan Groy,Wisconsin,College Stats,6-5,0.1132168697139265,-0.5789751404435931,-0.34407311216175923,0.07697599068173662,1.0581125068474857,-1.3011992600848763,-1.508218049368058
Jon Halapio,Florida,College Stats,6-3,0.6726414024180264,0.2316425233401382,-1.9328260071163306,,-0.1251146545258844,1.0343219426830705,0.1993664153710107
Gabe Jackson,Mississippi State,College Stats,6-3,1.7115726774399262,0.2316425233401382,0.4503033353155264,0.8136647311321338,1.0581125068474857,1.0039904984912797,-0.03779809362052555
Charles Leno,Boise State,College Stats,6-4,-0.9257144053079733,-0.2547280749301015,0.4503033353155264,-0.8438849348812599,1.0581125068474857,-1.0585477065505438,-1.8402483619562071
Brandon Linder,Miami (FL),College Stats,6-6,-0.28637208221757343,0.2856837009257193,-0.34407311216175923,0.8136647311321338,-0.1251146545258844,,
Spencer Long,Nebraska,College Stats,6-5,0.43288803125912645,-0.7410986732003413,,,,,
Zack Martin,Notre Dame,College Stats,6-4,-0.5261254533764734,-0.4168516076868497,0.13255275632461216,0.6294925460195345,0.7623057165041432,-0.8158961530162113,-0.9390232277883684
Cyril Richardson,Baylor,College Stats,6-5,1.1521481447358264,0.33972487851130523,-0.6618236911526735,-0.10719619443086267,-1.4562452110709259,-0.6642389320572542,0.1993664153710107
Anthony Steen,Alabama,College Stats,6-3,-0.046618711058673476,0.17760134575455708,,,,,
Xavier Su'a-Filo,UCLA,College Stats,6-4,-0.6060432437627734,-1.3895928042273291,-0.8206989806481306,-0.10719619443086267,0.17069213581745812,-0.9675533739751712,-1.650516754762977
Brandon Thomas,Clemson,College Stats,6-3,0.19313466010022648,-1.1193869162994188,0.4503033353155264,1.7345256566951304,-0.42092144486922695,0.6400131681897836,0.1993664153710107
Trai Turner,LSU,College Stats,6-3,-0.3662898726038734,-1.9840457576687358,-0.026322533170844962,-0.10719619443086267,,,
John Urschel,Penn State,College Stats,6-3,-0.12653650144497347,0.06951899058339002,0.4503033353155264,0.8136647311321338,0.17069213581745812,-1.1192105949341282,-1.508218049368058
Chris Watt,Notre Dame,College Stats,6-3,-0.3662898726038734,1.0963013647094555,,0.6294925460195345,,,
David Yankey,Stanford,College Stats,6-6,0.03329907932762651,0.9882190095382931,0.2914280458200693,-0.6597127497686606,0.3185955309891294,-0.330593045947549,0.34166512076593414
Al Bond,Memphis,College Stats,6-4,-0.9257144053079733,1.4745896078085328,-1.297324849134502,-0.6597127497686606,-1.6041486062425971,-0.057610048221422946,-0.6544258169985215
Brett Boyko,UNLV,College Stats,6-7,-1.0855499860805733,1.6367131405652762,-0.8206989806481306,,0.3185955309891294,-0.02727860402963206,-0.180096799015449
Trenton Brown,Florida,College Stats,6-8,3.230010694779626,-0.47089278527243084,-1.297324849134502,-1.0280571199938593,-0.5688248400408983,0.943327610107698,-0.03779809362052555
A.J. Cann,South Carolina,College Stats,6-3,-0.12653650144497347,0.9341778319527072,,0.07697599068173662,,,
Jamil Douglas,Arizona State,College Stats,6-4,-0.8457966149216734,-0.2547280749301015,0.4503033353155264,0.4453203609069352,-0.2730180496975557,0.21537294950470043,-0.180096799015449
Tayo Fabuluje,TCU,College Stats,6-6,3.070175114007026,1.3665072526373658,0.6091786248109835,,,,-0.08523099541883618
Jon Feliciano,Miami (FL),College Stats,6-4,0.6726414024180264,0.17760134575455708,-0.34407311216175923,,-0.5688248400408983,,-0.2275297008137554
Mark Glowinski,West Virginia,College Stats,6-4,-0.6060432437627734,-0.524933962858012,0.6091786248109835,0.9978369162447331,1.797629482705842,-1.0888791507423374,-0.9864561295866748
Jarvis Harrison,Texas A&M,College Stats,6-4,1.2320659351221264,-0.5789751404435931,0.6091786248109835,0.07697599068173662,0.17069213581745812,-1.2405363717012945,-0.7967245223934449
Bobby Hart,Florida State,College Stats,6-5,1.1521481447358264,1.6907543181508622,,,,,
Tre Jackson,Florida State,College Stats,6-4,1.2320659351221264,1.2043837198806175,-0.8206989806481306,,-0.7167282352125696,,
Arie Kouandjio,Alabama,College Stats,6-5,-0.3662898726038734,0.9882190095382931,,,,,
Ali Marpet,Hobart & William Smith,,6-4,-0.6060432437627734,-1.7138398697408206,0.9269292038018978,0.8136647311321338,1.0581125068474857,-1.7865023671535412,-1.508218049368058
Josue Matias,Florida State,,6-5,-0.4462076629901734,1.2043837198806175,-3.2038283230799873,,-2.4915689772726246,0.822001833340529,1.574920567521926
John Miller,Louisville,College Stats,6-2,-0.9257144053079733,0.17760134575455708,-0.18519782266630208,0.6294925460195345,0.4664989261608007,0.8523332775323198,-0.180096799015449
Mitch Morse,Missouri,College Stats,6-5,-0.7658788245353734,-0.8491810283715083,1.085804493297355,1.9186978418077296,1.6497260875341708,-0.9675533739751712,-1.3659193439731345
Robert Myers,Tennessee State,,6-5,0.9123947735769263,0.7720542991959638,-0.026322533170844962,,-1.012535025555912,0.5490188356144056,0.5788296297574704
Jeremiah Poutasi,Utah,College Stats,6-5,1.6316548870536263,0.12356016816897596,-0.34407311216175923,0.07697599068173662,-0.8646316303842408,0.5186873914226147,0.48396382616085337
Adam Shead,Oklahoma,,6-4,1.8714082582125262,2.393289626763431,,0.07697599068173662,,,
Laken Tomlinson,Duke,College Stats,6-3,0.6726414024180264,0.17760134575455708,1.244679782792812,-0.10719619443086267,0.3185955309891294,0.7613389449569472,0.38909802256424053
Joseph Cheek,Texas A&M,College Stats,6-6,-1.5650567283983732,-0.14664571975893928,,-1.0280571199938593,,,
Joshua Garnett,Stanford,College Stats,6-4,-0.20645429183127345,0.12356016816897596,0.4503033353155264,0.8136647311321338,-0.2730180496975557,-0.9068904855915867,-0.7018587187968321
Darrell Greene,San Diego State,College Stats,6-3,0.5128058216454264,-0.524933962858012,-1.9328260071163306,0.4453203609069352,-0.42092144486922695,0.4580245030390329,0.9108599423456237
Nila Kasitati,Oklahoma,College Stats,6-3,0.19313466010022648,0.12356016816897596,-0.026322533170844962,-2.5014346008946537,0.9102091116758145,1.1556477194502395,0.1993664153710107
Connor McGovern,Missouri,College Stats,6-4,-0.6859610341490734,-1.0113045611282516,1.7213056512791836,1.3661812864699316,1.206015902019157,-1.2708678158930853,-0.6544258169985215
Alex Redmond,UCLA,College Stats,6-5,-1.6449745187846732,0.0154778129978089,0.13255275632461216,0.8136647311321338,1.5018226923624995,-0.5125817110982971,0.531396727959164
Isaac Seumalo,Oregon State,College Stats,6-4,-0.9257144053079733,-0.5789751404435931,-0.5029484016572163,,0.614402321332472,-1.5741822578109996,-1.2710535403765217
Sebastian Tretola,Arkansas,College Stats,6-4,-0.046618711058673476,0.8260954767815449,-1.297324849134502,-0.6597127497686606,-1.6041486062425971,0.0637157285457433,1.1005915495388494
Landon Turner,North Carolina,College Stats,6-4,1.2320659351221264,1.528630785394114,-2.727202454593616,0.8136647311321338,-1.8999553965859397,,
Christian Westerman,Arizona State,College Stats,6-3,-1.3253033572394732,-0.9572633835426706,,1.5503534715825311,-0.42092144486922695,-0.694570376249045,-0.36982840620867885
Isaac Asiata,Utah,College Stats,6-3,0.6726414024180264,0.2316425233401382,-0.6618236911526735,1.7345256566951304,0.17069213581745812,-0.26993015756396455,0.6736954333540832
Erik Austell,Charleston Southern,,6-3,-1.0855499860805733,-0.3628104301012638,-0.026322533170844962,-0.291368379543462,0.9102091116758145,0.6400131681897836,0.531396727959164
Zach Banner,USC,College Stats,6-8,3.070175114007026,1.528630785394114,-1.297324849134502,-0.6597127497686606,-1.3083418158992546,1.1859791636420305,2.001816683706692
Ben Braden,Michigan,College Stats,6-6,1.1521481447358264,-1.3895928042273291,0.13255275632461216,-0.10719619443086267,0.17069213581745812,-0.20926726918038277,0.531396727959164
Aviante Collins,TCU,College Stats,6-4,-1.5650567283983732,-2.6325398886957236,,1.5503534715825311,,,
Ethan Cooper,Indiana (PA),,6-2,0.5927236120317264,0.33972487851130523,-0.9795742701435878,0.07697599068173662,-0.2730180496975557,0.3063672820800731,0.436530924362547
Dion Dawkins,Temple,College Stats,6-4,-0.046618711058673476,-1.0113045611282516,-0.5029484016572163,0.07697599068173662,0.7623057165041432,-1.8774966997289166,-0.03779809362052555
Jessamen Dunker,Tennessee State,,6-4,0.2730524504865265,-1.7138398697408206,0.2914280458200693,-0.47554056465606126,1.0581125068474857,,
Jermaine Eluemunor,Texas A&M,College Stats,6-4,1.3919015158947263,-0.4168516076868497,,1.5503534715825311,,,
Dan Feeney,Indiana,College Stats,6-4,-0.7658788245353734,-0.30876925251568266,0.13255275632461216,0.07697599068173662,0.022788740645786856,-1.2102049275095037,-0.5121271116036022
Avery Gennesy,Texas A&M,College Stats,6-3,0.2730524504865265,0.2856837009257193,-2.4094518756027017,-0.291368379543462,-1.4562452110709259,0.4883559472308238,1.0057257459422364
Sean Harlow,Oregon State,College Stats,6-4,-0.9257144053079733,-0.7951398507859224,0.9269292038018978,0.07697599068173662,0.614402321332472,0.7310075007651563,0.10450061177439368
Danny Isidora,Miami (FL),College Stats,6-3,-0.6859610341490734,-1.4436339818129102,0.4503033353155264,0.07697599068173662,-1.012535025555912,0.6400131681897836,0.531396727959164
Dorian Johnson,Pittsburgh,College Stats,6-5,-1.1654677764668733,-0.14664571975893928,0.7680539143064407,-0.8438849348812599,1.9455328778775134,1.4286307171763628,1.4326218621270026
Forrest Lamp,Western Kentucky,College Stats,6-4,-0.4462076629901734,-1.6057575145696585,-0.026322533170844962,1.5503534715825311,1.5018226923624995,-1.1192105949341282,-0.7967245223934449
Cameron Lee,Illinois State,,6-5,-0.20645429183127345,0.7720542991959638,-0.6618236911526735,-1.3964014902190578,-0.1251146545258844,0.3063672820800731,-0.180096799015449
Corey Levin,Tenn-Chattanooga,,6-4,-0.6060432437627734,-0.7410986732003413,-0.34407311216175923,0.07697599068173662,0.7623057165041432,-1.1192105949341282,-0.2749626026120618
Damien Mama,USC,College Stats,6-3,1.5517370966673263,2.933701402619252,-0.9795742701435878,,-0.7167282352125696,1.792608047477859,2.808176014277918
Jordan Morgan,Kutztown Pennsylvania,,6-3,-0.4462076629901734,0.33972487851130523,-0.18519782266630208,-0.8438849348812599,0.17069213581745812,0.6400131681897836,-0.2749626026120618
Nico Siragusa,San Diego State,College Stats,6-4,0.35297024087282647,0.2856837009257193,1.4035550722882693,0.4453203609069352,1.3539192971908283,-0.6339074878654632,-1.0813219331832917
Nate Theaker,Wayne State (MI),,6-5,0.03329907932762651,0.6099307664392156,-0.18519782266630208,-0.47554056465606126,0.614402321332472,0.15471006112111596,0.48396382616085337
Austin Corbett,Nevada,College Stats,6-4,-0.6859610341490734,-0.7951398507859224,0.13255275632461216,-1.2122293051064585,0.7623057165041432,-0.1486043807967983,-1.3659193439731345
Jamil Demby,Maine,,6-4,0.35297024087282647,1.528630785394114,-1.297324849134502,-1.580573675331657,-0.42092144486922695,-0.17893582498858918,0.7685612369507002
Colby Gossett,Appalachian State,College Stats,6-5,-0.28637208221757343,-0.524933962858012,-0.8206989806481306,1.1820091013573324,0.3185955309891294,-0.9675533739751712,0.1993664153710107
Taylor Hearn,Clemson,College Stats,6-4,0.43288803125912645,0.8260954767815449,-1.138449559639045,-1.3964014902190578,-0.7167282352125696,-0.23959871337217367,0.05706770997608727
Will Hernandez,Texas-El Paso,College Stats,6-2,0.9923125639632263,-0.7951398507859224,-1.138449559639045,2.102870026920329,0.4664989261608007,-0.9978848181669621,-0.41726130800698524
Sam Jones,Arizona State,College Stats,6-5,-0.7658788245353734,0.12356016816897596,-0.18519782266630208,0.4453203609069352,0.022788740645786856,0.0030528401621588296,0.34166512076593414
K.J. Malone,LSU,College Stats,6-4,-0.9257144053079733,0.2316425233401382,0.6091786248109835,-1.9489180455568558,0.3185955309891294,,
Kc McDermott,Miami (FL),College Stats,6-6,-0.28637208221757343,0.2856837009257193,-1.297324849134502,0.07697599068173662,-0.5688248400408983,-0.6035760436736723,0.1519335135727043
Quenton Nelson,Notre Dame,College Stats,6-5,0.8324769831906264,,-0.34407311216175923,1.7345256566951304,0.614402321332472,-0.8158961530162113,-0.7967245223934449
Skyler Phillips,Idaho State,,6-3,0.2730524504865265,-1.0653457387138376,0.4503033353155264,,0.4664989261608007,0.09404717273753418,-0.46469420980529164
Braden Smith,Auburn,College Stats,6-6,0.03329907932762651,-0.4168516076868497,1.8801809407746406,1.7345256566951304,1.797629482705842,,-0.08523099541883618
Wyatt Teller,Virginia Tech,College Stats,6-4,-0.046618711058673476,-0.30876925251568266,0.4503033353155264,0.8136647311321338,1.9455328778775134,-1.4225250368520426,0.2467993171693171
Salesi Uhatafe,Utah,College Stats,6-5,-0.3662898726038734,0.5558895888536346,0.13255275632461216,,1.206015902019157,-0.6642389320572542,0.531396727959164
Isaiah Wynn,Georgia,College Stats,6-3,-0.12653650144497347,,,,,,
Blaise Andries,Minnesota,,6-6,-0.5261254533764734,-1.0653457387138376,0.9269292038018978,,0.7623057165041432,-0.23959871337217367,-0.5121271116036022
Logan Bruss,Wisconsin,College Stats,6-5,-0.4462076629901734,0.12356016816897596,1.085804493297355,,1.6497260875341708,-1.0585477065505438,-1.1287548349815983
Spencer Burford,Texas-San Antonio,College Stats,6-4,-0.8457966149216734,-0.5789751404435931,-0.026322533170844962,,0.614402321332472,,-0.2749626026120618
Ja'Tyre Carter,Southern,,6-3,-0.28637208221757343,-0.9032222059570895,0.7680539143064407,,1.0581125068474857,-0.23959871337217367,0.531396727959164
William Dunkle,San Diego St.,College Stats,6-5,1.0722303543495264,0.7720542991959638,-0.5029484016572163,-0.10719619443086267,-0.8646316303842408,0.15471006112111596,0.5788296297574704
Joshua Ezeudu,North Carolina,College Stats,6-4,-0.5261254533764734,-0.5789751404435931,0.2914280458200693,,0.614402321332472,-0.26993015756396455,-1.0813219331832917
Luke Goedeke,Central Michigan,College Stats,6-5,-0.20645429183127345,,,0.07697599068173662,,,
Kenyon Green,Texas A&M,College Stats,6-4,0.6726414024180264,-0.30876925251568266,-0.5029484016572163,-1.0280571199938593,0.17069213581745812,,1.574920567521926
Marquis Hayes,Oklahoma,College Stats,6-5,0.2730524504865265,0.0154778129978089,-1.297324849134502,,0.17069213581745812,,
Ed Ingram,LSU,College Stats,6-3,-0.6060432437627734,-1.4976751593984963,-2.2505765861072446,,0.17069213581745812,-0.330593045947549,-0.13266389721714258
Zion Johnson,Boston Col.,College Stats,6-3,-0.20645429183127345,-0.633016318029179,1.4035550722882693,1.1820091013573324,1.6497260875341708,-1.634845146194584,-1.5556509511663643
Darian Kinnard,Kentucky,College Stats,6-5,0.5927236120317264,0.06951899058339002,-0.8206989806481306,,-0.2730180496975557,0.5793502798061965,0.8159941387490066
Cade Mays,Tennessee,College Stats,6-5,-0.28637208221757343,-0.30876925251568266,-0.5029484016572163,,0.17069213581745812,-1.0585477065505438,-0.36982840620867885
Marcus McKethan,North Carolina,College Stats,6-7,2.031243838985126,0.06951899058339002,-0.026322533170844962,0.2611481757943359,1.3539192971908283,-0.330593045947549,0.9582928441439301
Dylan Parham,Memphis,College Stats,6-3,-0.28637208221757343,-1.9840457576687358,-0.34407311216175923,,1.0581125068474857,-0.42158737852292166,-0.41726130800698524
Chris Paul,Tulsa,College Stats,6-4,0.6726414024180264,-2.2002104680110652,-0.18519782266630208,,1.206015902019157,-0.5429131552900879,0.1993664153710107
Sean Rhyan,UCLA,College Stats,6-5,0.5128058216454264,-0.2547280749301015,1.8801809407746406,,1.3539192971908283,-1.1192105949341282,0.10450061177439368
Tyrese Robinson,Oklahoma,College Stats,6-3,0.19313466010022648,-0.2547280749301015,-1.6150754281254163,,-0.1251146545258844,1.3073049404091939,0.7211283351523938
Jamaree Salyer,Georgia,College Stats,6-3,0.5128058216454264,,,0.9978369162447331,,,
Justin Shaffer,Georgia,College Stats,6-4,-0.046618711058673476,-0.8491810283715083,-0.6618236911526735,,0.9102091116758145,,
Lecitus Smith,Virginia Tech,College Stats,6-3,-0.046618711058673476,-0.633016318029179,,-0.47554056465606126,-0.2730180496975557,-0.11827293660500741,-0.03779809362052555
Cole Strange,Tennessee-Chattanooga,,6-5,-0.6060432437627734,-1.4436339818129102,0.13255275632461216,0.9978369162447331,2.832953248907541,-1.4528564810438334,-1.3659193439731345
Zach Thomas,San Diego St.,,6-5,-0.5261254533764734,-1.8219222249119877,-1.6150754281254163,-0.8438849348812599,0.9102091116758145,-1.5741822578109996,-0.6544258169985215
Cordell Volson,North Dakota St.,,6-6,0.03329907932762651,-0.14664571975893928,-0.8206989806481306,-0.10719619443086267,0.4664989261608007,1.1859791636420305,0.6736954333540832
Steve Avila,TCU,,6-4,1.3919015158947263,-0.47089278527243084,0.6091786248109835,,-0.42092144486922695,-0.20926726918038277,-0.2275297008137554
Henry Bainivalu,Washington,College Stats,6-6,-0.6859610341490734,1.0963013647094555,0.13255275632461216,,0.022788740645786856,1.276973496217403,0.8634270405473131
TJ Bass,Oregon,,6-4,0.19313466010022648,0.9882190095382931,0.2914280458200693,,1.206015902019157,,
Anthony Bradford,LSU,College Stats,6-4,1.3919015158947263,-1.173428093885,0.7680539143064407,,0.7623057165041432,-0.23959871337217367,0.05706770997608727
Nick Broeker,Mississippi,College Stats,6-4,-0.7658788245353734,-0.14664571975893928,,,,-0.5125817110982971,-0.41726130800698524
McClendon Curtis,Tennessee-Chattanooga,,6-6,0.7525591928043264,-0.30876925251568266,-0.34407311216175923,,0.614402321332472,-0.6642389320572542,0.8634270405473131
Jon Gaines,UCLA,College Stats,6-4,-0.9257144053079733,-1.5517163369840774,1.5624303617837263,,1.9455328778775134,-1.8471652555371256,-1.6030838529646707
Jovaughn Gwyn,South Carolina,College Stats,6-2,-1.4052211476257732,-0.9572633835426706,-0.026322533170844962,,1.206015902019157,-0.057610048221422946,0.05706770997608727
Emil Ekiyor Jr.,Alabama,College Stats,6-3,-0.046618711058673476,,,,,,
Jaxson Kirkland,Washington,College Stats,6-7,0.5128058216454264,,,,,,
Brent Laing,Duluth/University of Minnesota,,6-4,-0.8457966149216734,,,,,,
Tashawn Manning,Kentucky,College Stats,6-3,0.9923125639632263,0.2316425233401382,-0.026322533170844962,,0.17069213581745812,-0.057610048221422946,0.05706770997608727
Jordan McFadden,Clemson,College Stats,6-2,-0.9257144053079733,-1.6597986921552397,0.2914280458200693,,,-0.6642389320572542,0.10450061177439368
Nick Saldiveri,Old Dominion,,6-6,0.2730524504865265,-0.47089278527243084,1.085804493297355,,1.5018226923624995,,-0.46469420980529164
Sidy Sow,Eastern Michigan,,6-5,0.6726414024180264,-1.227469271470581,1.4035550722882693,,1.3539192971908283,-0.9068904855915867,-0.46469420980529164
O'Cyrus Torrence,Florida,College Stats,6-5,1.2320659351221264,0.06951899058339002,-1.297324849134502,,0.022788740645786856,,0.10450061177439368
Andrew Vorhees,USC,College Stats,6-6,-0.3662898726038734,,0.4503033353155264,,0.614402321332472,,
