player,player_id,position,team_name,player_game_count,avg_depth_of_target,avoided_tackles,caught_percent,contested_catch_rate,contested_receptions,contested_targets,declined_penalties,drop_rate,drops,first_downs,franchise_id,fumbles,grades_hands_drop,grades_hands_fumble,grades_offense,grades_pass_block,grades_pass_route,inline_rate,inline_snaps,interceptions,longest,pass_block_rate,pass_blocks,pass_plays,penalties,receptions,route_rate,routes,slot_rate,slot_snaps,targeted_qb_rating,targets,touchdowns,wide_rate,wide_snaps,yards,yards_after_catch,yards_after_catch_per_reception,yards_per_reception,yprr
Mike Evans,8642,WR,TB,16,15.5,3,57.1,66.7,6,9,1,6.8,7,81,30,0,66.9,83.5,91.7,,91.5,0.0,0,8,45,0.0,0,630,4,96,91.9,579,19.5,123,86.4,168,12,80.5,507,1321,188,2.0,13.8,2.28
Odell Beckham Jr.,8647,WR,NYG,16,11.3,29,62.7,28.6,2,7,1,7.3,8,66,21,2,67.6,39.5,87.0,,87.5,0.0,0,2,75,0.0,0,636,7,101,94.5,601,15.1,96,105.3,161,10,84.4,537,1367,532,5.3,13.5,2.27
Antonio Brown,5718,WR,PIT,15,11.1,9,70.2,68.4,13,19,3,1.9,2,63,25,0,90.8,89.2,88.5,,89.5,0.2,1,3,51,0.0,0,610,9,106,93.1,568,13.4,82,114.2,151,12,86.1,525,1284,409,3.9,12.1,2.26
Larry Fitzgerald,1724,WR,ARZ,16,8.0,13,72.8,75.0,9,12,0,3.6,4,59,1,2,88.5,43.3,83.3,75.1,80.2,0.7,5,3,32,1.1,8,703,1,107,91.7,645,62.9,442,96.8,147,6,36.1,254,1023,364,3.4,9.6,1.59
Jordy Nelson,4350,WR,GB,16,12.7,4,66.4,66.7,4,6,0,4.0,4,62,12,1,85.4,57.1,82.3,,81.2,0.0,0,1,60,0.0,0,717,0,97,94.0,674,26.5,190,122.4,146,14,73.5,527,1257,386,4.0,13.0,1.86
Julian Edelman,5156,WR,NE,16,9.1,14,67.1,66.7,2,3,1,10.9,12,55,19,1,44.6,29.9,76.9,60.5,77.9,0.2,1,0,77,0.2,1,605,4,98,92.4,559,53.1,321,96.4,146,3,46.4,281,1106,486,5.0,11.3,1.98
Allen Robinson II,8696,WR,JAX,16,13.7,4,50.7,40.0,6,15,1,11.0,9,52,15,1,44.0,49.3,69.8,,68.6,0.0,0,7,42,0.0,0,711,3,73,93.5,665,21.5,153,63.5,144,6,78.5,558,883,195,2.7,12.1,1.33
T.Y. Hilton,7092,WR,IND,16,13.4,7,63.6,66.7,4,6,0,8.1,8,66,14,0,54.8,83.9,86.7,,85.9,0.2,1,5,63,0.0,0,661,0,91,93.0,615,56.6,374,96.7,143,6,43.0,284,1448,328,3.6,15.9,2.35
Michael Crabtree,4933,WR,OAK,16,11.2,14,62.7,81.8,9,11,0,12.7,13,55,23,2,39.9,55.5,79.2,,79.4,0.2,1,2,56,0.0,0,588,9,89,91.8,540,28.9,170,96.7,142,8,70.9,417,1003,273,3.1,11.3,1.86
Demaryius Thomas,5547,WR,DEN,16,10.8,6,63.8,57.1,4,7,1,7.2,7,50,10,2,68.2,29.8,80.4,,78.6,0.3,2,2,55,0.0,0,590,4,90,93.1,549,20.7,122,93.2,141,5,79.0,466,1083,330,3.7,12.0,1.97
DeAndre Hopkins,7808,WR,HST,16,12.3,6,56.5,40.0,4,10,0,4.9,4,56,13,0,78.0,82.1,77.5,,76.2,0.0,0,9,51,0.0,0,654,6,78,94.0,615,19.6,128,60.5,138,4,80.3,525,954,250,3.2,12.2,1.55
Terrelle Pryor Sr.,6944,WR,CLV,16,14.4,5,58.3,50.0,5,10,2,7.2,6,48,8,0,67.9,58.1,74.7,,79.6,0.0,0,6,54,0.0,0,640,9,77,92.5,592,14.8,95,73.6,132,4,83.4,534,1007,213,2.8,13.1,1.7
Emmanuel Sanders,5606,WR,DEN,16,13.0,12,60.3,100.0,7,7,1,1.3,1,50,10,1,90.6,51.6,81.5,,81.4,0.0,0,5,64,0.0,0,575,5,79,93.7,539,23.5,135,82.0,131,5,76.5,440,1032,263,3.3,13.1,1.91
Golden Tate,5585,WR,DET,16,8.4,23,69.5,100.0,2,2,0,7.1,7,45,11,1,68.3,41.1,71.6,,72.3,0.2,1,3,67,0.0,0,643,4,91,94.2,606,26.7,172,94.9,131,4,72.8,468,1077,623,6.8,11.8,1.78
Amari Cooper,9437,WR,OAK,16,9.9,12,65.4,42.9,3,7,0,4.6,4,47,23,2,78.8,54.2,79.0,,79.7,0.0,0,2,64,0.0,0,642,3,83,92.4,593,15.7,101,101.0,127,5,82.9,532,1154,448,5.4,13.9,1.95
Julio Jones,6158,WR,ATL,14,14.4,7,66.4,50.0,5,10,0,6.7,6,64,2,0,69.8,82.4,91.9,62.3,91.8,0.0,0,4,75,0.2,1,480,3,83,94.2,452,26.7,128,107.1,125,6,73.1,351,1409,415,5.0,17.0,3.12
Greg Olsen,3647,TE,CAR,16,11.3,3,65.6,100.0,4,4,1,2.4,2,55,5,0,84.9,82.2,83.4,72.3,84.9,18.1,114,4,78,11.9,75,630,3,80,81.7,515,54.4,343,87.9,122,3,22.4,141,1073,369,4.6,13.4,2.08
Jarvis Landry,8698,WR,MIA,16,6.7,22,77.0,37.5,3,8,3,5.1,5,52,17,1,85.5,29.4,83.4,,85.3,0.2,1,2,71,0.0,0,528,10,94,95.6,505,72.5,383,109.2,122,4,27.1,143,1136,630,6.7,12.1,2.25
Brandon Marshall,3064,WR,NYJ,15,13.3,3,48.8,33.3,2,6,2,10.6,7,43,22,0,52.3,83.3,69.2,68.5,68.5,0.2,1,9,41,0.2,1,580,4,59,94.3,547,19.7,114,47.1,121,3,80.2,465,788,187,3.2,13.4,1.44
Kyle Rudolph,6195,TE,MIN,16,7.2,6,69.2,66.7,6,9,0,5.7,5,50,18,0,69.3,84.4,73.2,77.5,75.3,54.2,349,1,44,12.3,79,644,2,83,83.7,539,35.6,229,104.9,120,7,6.7,43,840,363,4.4,10.1,1.56
Michael Thomas,10681,WR,NO,15,8.1,20,77.3,77.8,7,9,0,4.2,4,62,20,2,83.6,29.7,86.4,,86.3,0.0,0,4,46,0.0,0,587,1,92,94.7,556,12.9,76,117.5,119,9,87.1,511,1137,478,5.2,12.4,2.04
Davante Adams,8688,WR,GB,16,11.9,13,63.6,50.0,1,2,0,10.7,9,45,12,2,45.4,28.3,70.2,,69.8,0.1,1,4,66,0.0,0,671,4,75,94.3,633,19.8,133,110.0,118,12,77.3,519,997,407,5.4,13.3,1.58
Doug Baldwin,6615,WR,SEA,16,8.8,11,80.3,66.7,2,3,0,4.1,4,52,29,1,79.1,56.3,82.8,79.7,81.1,4.6,29,2,59,1.1,7,631,2,94,93.2,588,73.1,461,119.7,117,7,21.6,136,1128,479,5.1,12.0,1.92
Dennis Pitta,5638,TE,BLT,16,6.4,4,74.1,75.0,3,4,0,5.5,5,37,3,1,76.2,53.8,61.8,33.8,62.6,33.8,207,3,30,7.2,44,612,2,86,87.9,538,59.2,362,85.0,116,2,5.9,36,729,312,3.6,8.5,1.36
Travis Kelce,7844,TE,KC,16,6.9,10,74.6,85.7,6,7,0,6.6,6,54,16,0,75.1,82.6,89.0,73.8,88.1,33.0,187,0,80,6.5,37,566,5,85,89.2,505,39.9,226,117.0,114,4,26.9,152,1125,652,7.7,13.2,2.23
Brandin Cooks,8655,WR,NO,16,13.3,3,69.0,33.3,1,3,1,4.9,4,44,20,1,83.9,63.3,73.0,,72.7,0.2,1,2,98,0.0,0,644,3,78,94.9,611,37.0,238,119.1,113,8,62.4,402,1173,367,4.7,15.0,1.92
Kelvin Benjamin,8663,WR,CAR,16,12.6,8,56.3,57.1,4,7,2,3.1,2,51,5,1,84.1,36.3,76.5,,79.7,0.0,0,3,50,0.0,0,508,10,63,92.9,472,23.6,120,93.6,112,7,76.4,388,941,235,3.7,14.9,1.99
Tyrell Williams,10154,WR,SD,16,12.2,9,62.2,40.0,2,5,0,11.5,9,48,27,0,46.6,81.3,75.6,,75.8,0.2,1,9,51,0.0,0,599,3,69,94.7,567,23.4,140,80.9,111,7,76.5,458,1059,449,6.5,15.3,1.87
Pierre Garcon,4519,WR,WAS,16,10.4,13,71.8,75.0,6,8,0,1.3,1,52,32,0,89.5,82.0,85.5,,84.2,0.0,0,2,70,0.0,0,561,3,79,94.8,532,18.4,103,102.9,110,3,81.6,458,1041,354,4.5,13.2,1.96
Jordan Matthews,8677,WR,PHI,14,10.4,3,67.0,33.3,1,3,0,8.8,7,37,24,1,58.6,58.8,67.7,,69.6,1.1,6,0,54,0.0,0,522,2,73,93.9,490,66.3,346,97.8,109,3,32.6,170,804,237,3.2,11.0,1.64
Stefon Diggs,9579,WR,MIN,13,8.7,8,77.1,80.0,4,5,1,4.5,4,47,18,0,85.9,84.0,79.1,,78.9,1.0,5,1,46,0.0,0,498,3,84,95.2,474,62.9,313,106.2,109,3,36.1,180,903,310,3.7,10.8,1.91
Mike Wallace,5007,WR,BLT,16,12.3,8,66.1,57.1,4,7,1,8.9,7,42,3,1,64.9,82.2,70.2,,70.9,0.3,2,3,95,0.0,0,618,4,72,94.7,585,19.3,119,96.8,109,4,80.3,496,1017,416,5.8,14.1,1.74
Kenny Britt,4953,WR,LA,15,12.3,6,62.4,100.0,3,3,0,5.6,4,46,26,2,74.0,26.8,74.0,,74.8,0.0,0,3,66,0.0,0,529,6,68,94.5,500,13.8,73,96.2,109,5,86.2,456,1002,297,4.4,14.7,2.0
Jeremy Kerley,6305,WR,SF,16,8.9,3,59.3,50.0,3,6,0,4.5,3,32,28,1,78.5,31.1,68.9,,67.1,0.0,0,4,33,0.0,0,520,0,64,95.8,498,91.0,473,71.0,108,3,9.0,47,667,220,3.4,10.4,1.34
David Johnson,9519,HB,ARZ,16,4.6,27,74.8,,0,0,1,4.8,4,42,1,0,80.4,53.2,79.9,71.0,90.0,0.0,0,1,58,13.9,89,638,1,80,79.8,509,11.8,75,107.2,107,4,18.5,118,879,642,8.0,11.0,1.73
Rishard Matthews,7211,WR,TEN,16,13.9,5,62.5,40.0,4,10,0,1.5,1,43,31,1,90.2,45.9,81.4,61.6,79.5,0.0,0,4,60,0.2,1,475,3,65,93.5,444,26.1,124,104.8,104,9,73.9,351,945,218,3.4,14.5,2.13
Sterling Shepard,10674,WR,NYG,16,9.4,8,63.1,100.0,3,3,1,8.5,6,42,21,0,62.2,81.7,66.4,68.8,66.4,0.2,1,5,32,0.2,1,645,2,65,94.6,610,86.0,555,88.0,103,8,13.8,89,683,261,4.0,10.5,1.12
Steve Smith,837,WR,BLT,14,8.8,12,68.6,83.3,5,6,2,4.1,3,39,3,0,81.9,81.5,74.5,,75.4,0.2,1,4,52,0.0,0,493,7,70,93.5,461,34.7,171,91.9,102,5,64.9,320,799,286,4.1,11.4,1.73
Tavon Austin,7789,WR,LA,15,7.4,6,57.4,50.0,2,4,0,13.4,9,25,26,1,38.5,54.0,61.3,74.8,58.3,3.6,18,6,43,0.6,3,506,2,58,93.1,471,55.1,279,56.1,101,3,38.5,195,509,273,4.7,8.8,1.08
Zach Ertz,7816,TE,PHI,14,8.5,3,77.2,100.0,2,2,0,2.5,2,42,24,0,90.0,82.3,70.9,63.5,72.8,41.7,234,4,30,6.6,37,561,7,78,87.7,492,49.9,280,96.8,101,4,8.2,46,816,279,3.6,10.5,1.66
Marvin Jones Jr.,7158,WR,DET,15,14.3,6,54.5,50.0,4,8,0,11.3,7,41,11,0,47.6,80.0,71.8,,70.6,0.0,0,0,73,0.0,0,621,1,55,93.4,580,9.3,58,99.0,101,4,90.7,563,930,239,4.3,16.9,1.6
Marqise Lee,8674,WR,JAX,16,11.7,11,62.4,0.0,0,1,0,8.7,6,44,15,0,66.8,85.8,71.9,,70.8,0.2,1,5,51,0.0,0,588,1,63,93.5,550,10.0,59,78.4,101,3,89.8,528,851,351,5.6,13.5,1.55
Brandon LaFell,5602,WR,CIN,16,10.3,4,63.4,40.0,2,5,1,3.0,2,42,7,0,84.5,81.0,69.5,,69.1,0.6,4,1,86,0.0,0,637,3,64,95.0,605,15.1,96,106.1,101,6,84.0,535,862,347,5.4,13.5,1.42
Quincy Enunwa,8843,WR,NYJ,16,9.5,13,58.6,33.3,3,9,1,17.1,12,37,22,0,31.8,80.5,70.0,76.7,68.9,4.9,28,4,69,0.4,2,571,1,58,94.6,540,74.6,426,83.6,99,4,19.4,111,857,360,6.2,14.8,1.59
Willie Snead IV,8999,WR,NO,15,7.6,10,75.0,100.0,2,2,0,6.5,5,50,20,2,71.0,29.5,79.6,84.7,76.7,2.1,11,3,49,0.6,3,518,1,72,94.0,487,76.4,396,104.3,96,4,19.9,103,895,387,5.4,12.4,1.84
Delanie Walker,3120,TE,TEN,15,10.2,11,67.7,0.0,0,3,0,5.8,4,35,31,1,73.5,46.9,76.0,76.4,77.1,22.9,111,3,47,4.8,23,484,7,65,88.2,427,56.4,273,104.5,96,7,19.6,95,800,263,4.0,12.3,1.87
Cameron Meredith,10008,WR,CHI,14,9.9,10,69.5,100.0,3,3,0,10.8,8,43,6,3,50.5,22.6,73.7,,73.0,0.0,0,3,50,0.0,0,456,3,66,93.9,428,51.5,235,99.8,95,4,48.2,220,888,294,4.5,13.5,2.07
A.J. Green,6156,WR,CIN,10,13.1,7,69.5,80.0,8,10,1,5.7,4,41,7,0,73.5,81.0,90.0,,90.1,0.6,2,0,54,0.0,0,361,4,66,93.4,337,21.1,76,116.3,95,4,78.4,283,964,269,4.1,14.6,2.86
Jimmy Graham,5619,TE,SEA,16,10.2,6,69.9,85.7,6,7,0,8.5,6,45,29,2,66.7,26.5,84.1,78.6,85.4,59.3,329,1,42,8.3,46,555,4,65,87.2,484,28.5,158,118.7,93,6,11.7,65,923,334,5.1,14.2,1.91
Jamison Crowder,9538,WR,WAS,16,8.2,13,72.8,50.0,1,2,0,4.3,3,33,32,2,79.3,40.6,67.0,67.9,66.1,0.9,5,3,55,0.4,2,549,3,67,95.3,523,75.4,414,112.9,92,7,23.7,130,847,383,5.7,12.6,1.62
Alshon Jeffery,7048,WR,CHI,12,14.5,1,56.5,75.0,6,8,1,8.8,5,41,6,0,66.3,79.6,74.5,,73.8,0.0,0,7,54,0.0,0,462,4,52,95.0,439,17.5,81,61.9,92,2,82.5,381,821,192,3.7,15.8,1.87
Cole Beasley,7330,WR,DAL,16,6.5,3,81.5,85.7,6,7,0,2.6,2,51,9,0,88.3,83.6,87.2,61.6,87.5,0.5,2,0,47,0.2,1,426,0,75,94.6,403,85.7,365,122.5,92,5,13.4,57,833,382,5.1,11.1,2.07
Jason Witten,1384,TE,DAL,16,6.8,8,75.8,100.0,6,6,0,4.2,3,33,9,1,80.5,48.5,67.8,60.2,67.0,46.6,255,1,35,15.4,84,547,5,69,80.1,438,46.1,252,102.5,91,3,5.3,29,673,254,3.7,9.8,1.54
Ted Ginn Jr.,3625,WR,CAR,16,13.5,5,60.7,40.0,2,5,0,11.5,7,27,5,0,48.3,90.0,69.2,,70.9,0.0,0,5,88,0.0,0,461,2,54,93.7,432,18.0,83,79.4,89,4,82.0,378,752,194,3.6,13.9,1.74
Dontrelle Inman,6597,WR,SD,16,11.4,3,65.2,50.0,1,2,0,6.5,4,37,27,0,70.3,80.6,72.3,67.2,70.7,0.3,2,4,57,0.3,2,612,2,58,94.3,577,61.9,379,90.6,89,4,37.7,231,810,221,3.8,14.0,1.4
Dez Bryant,5549,WR,DAL,13,15.2,4,56.2,20.0,1,5,0,3.8,2,38,9,1,79.7,29.9,80.4,,79.8,0.0,0,2,56,0.0,0,437,0,50,94.3,412,22.2,97,106.8,89,8,77.8,340,796,144,2.9,15.9,1.93
DeSean Jackson,4363,WR,WAS,15,16.9,3,62.9,66.7,2,3,0,9.7,6,35,32,0,61.2,79.9,73.0,,72.0,0.0,0,2,80,0.0,0,520,0,56,94.8,493,30.6,159,107.2,89,4,69.4,361,1005,277,4.9,17.9,2.04
Le'Veon Bell,7829,HB,PIT,12,-0.1,14,84.3,100.0,1,1,1,7.4,6,30,25,1,66.4,58.4,75.1,83.4,67.8,0.4,2,0,32,12.7,62,488,6,75,80.5,393,11.9,58,103.0,89,2,11.1,54,616,680,9.1,8.2,1.57
Adam Thielen,8288,WR,MIN,16,11.2,7,78.4,66.7,4,6,0,4.2,3,44,18,1,86.9,29.0,79.9,36.3,77.5,1.1,6,2,71,0.2,1,526,2,69,94.7,498,29.1,153,121.9,88,5,69.6,366,967,305,4.4,14.0,1.94
Anquan Boldin,1369,WR,DET,16,6.3,7,76.1,100.0,6,6,0,6.9,5,41,11,0,68.5,81.2,66.3,74.4,66.9,0.3,2,2,35,0.7,4,592,6,67,92.7,549,82.9,491,114.0,88,8,16.6,98,584,226,3.4,8.7,1.06
Will Fuller V,10655,WR,HST,14,15.8,6,54.0,44.4,4,9,0,11.3,6,31,13,0,55.5,86.4,63.0,,63.4,0.0,0,1,53,0.0,0,550,1,47,93.6,515,18.4,101,80.4,87,2,81.6,449,635,225,4.8,13.5,1.23
Eric Ebron,8645,TE,DET,13,8.3,4,71.8,66.7,6,9,0,10.3,7,37,11,0,53.0,80.7,66.9,80.9,73.5,60.4,314,3,61,5.0,26,520,6,61,88.8,462,29.0,151,86.0,85,1,10.6,55,711,269,4.4,11.7,1.54
Jordan Reed,7866,TE,WAS,12,8.1,12,77.6,50.0,3,6,0,1.5,1,42,32,1,90.2,81.0,83.6,60.4,88.0,45.4,178,2,33,5.9,23,392,3,66,88.8,348,31.9,125,114.0,85,6,22.2,87,686,260,3.9,10.4,1.97
Antonio Gates,1609,TE,SD,14,8.6,5,62.4,,0,0,0,11.7,7,34,27,1,52.7,38.1,73.2,56.6,71.1,20.5,90,3,27,5.7,25,440,2,53,88.4,389,57.5,253,93.7,85,7,20.0,88,548,191,3.6,10.3,1.41
DeVante Parker,9447,WR,MIA,15,12.0,7,68.3,100.0,1,1,0,1.8,1,35,17,0,88.7,80.0,76.1,65.7,76.2,0.0,0,5,56,0.2,1,455,2,56,94.9,432,20.7,94,87.7,82,4,79.3,361,744,244,4.4,13.3,1.72
C.J. Fiedorowicz,8700,TE,HST,15,7.4,6,65.9,100.0,1,1,0,10.0,6,28,13,1,60.7,40.4,80.6,78.6,80.4,52.9,183,2,26,15.0,52,346,2,54,81.2,281,41.9,145,91.5,82,4,4.3,15,559,203,3.8,10.4,1.99
Tyreek Hill,10799,WR,KC,16,7.9,13,75.3,50.0,1,2,0,6.2,4,31,16,1,70.9,73.7,80.4,,80.6,0.0,0,2,49,0.0,0,270,1,61,96.3,260,37.0,100,109.7,81,6,57.8,156,593,278,4.6,9.7,2.28
Charles Clay,6326,TE,BUF,15,8.6,5,70.4,75.0,3,4,2,10.9,7,22,4,0,46.1,80.4,68.2,70.2,62.8,69.7,356,0,40,13.3,68,511,3,57,81.6,417,23.1,118,105.6,81,4,5.1,26,552,194,3.4,9.7,1.32
Coby Fleener,7038,TE,NO,16,9.8,1,62.5,40.0,2,5,1,5.7,3,28,20,2,58.1,24.5,61.2,82.5,59.2,22.2,114,3,50,2.5,13,513,3,50,92.4,474,57.1,293,83.9,80,3,20.7,106,631,192,3.8,12.6,1.33
Randall Cobb,6216,WR,GB,13,7.1,11,75.0,50.0,1,2,1,0.0,0,36,12,0,90.8,52.5,69.9,73.0,70.9,0.4,2,1,47,0.8,4,497,1,60,92.2,458,77.7,386,107.8,80,4,16.5,82,610,363,6.1,10.2,1.33
Cameron Brate,9207,TE,TB,15,10.1,3,73.1,60.0,3,5,0,3.4,2,40,30,1,82.5,41.8,80.5,74.8,81.1,27.5,129,0,38,5.8,27,469,0,57,85.9,403,60.8,285,132.4,78,8,9.8,46,660,148,2.6,11.6,1.64
Mohamed Sanu,7084,WR,ATL,15,8.3,7,75.6,66.7,2,3,1,3.3,2,33,2,1,83.7,45.5,74.6,73.8,72.7,1.7,8,0,59,0.8,4,484,2,59,93.0,450,59.1,286,117.1,78,4,38.8,188,653,299,5.1,11.1,1.45
Gary Barnidge,4455,TE,CLV,16,7.7,1,71.4,50.0,1,2,0,6.8,4,34,8,0,69.4,80.2,68.6,79.4,67.6,64.3,429,0,43,19.5,130,667,0,55,76.3,509,24.1,161,103.4,77,2,6.7,45,612,211,3.8,11.1,1.2
Tajae Sharpe,10774,WR,TEN,16,13.4,2,53.2,63.6,7,11,0,4.7,2,27,31,0,74.8,78.5,60.8,,60.4,0.2,1,1,34,0.0,0,522,3,41,92.5,483,8.0,42,77.9,77,2,91.8,479,522,88,2.1,12.7,1.08
Adam Humphries,10075,WR,TB,15,5.8,6,71.4,75.0,6,8,0,5.2,3,27,30,0,76.7,67.8,66.0,67.8,65.8,1.5,7,3,42,0.4,2,480,1,55,91.7,440,75.8,364,87.7,77,2,22.3,107,622,393,7.1,11.3,1.41
Tyler Boyd,10689,WR,CIN,16,9.0,2,71.1,50.0,1,2,0,5.3,3,33,7,1,74.0,80.4,65.1,64.9,64.4,0.8,4,3,30,0.2,1,510,1,54,94.3,481,88.4,451,82.3,76,1,10.8,55,603,213,3.9,11.2,1.25
Jermaine Kearse,7428,WR,SEA,16,13.1,5,53.9,50.0,1,2,1,6.8,3,24,29,0,68.3,78.5,55.7,78.1,56.1,0.0,0,4,36,0.9,5,576,8,41,93.6,539,28.1,162,57.5,76,1,71.9,414,510,138,3.4,12.4,0.95
James White,8765,HB,NE,16,1.3,12,78.9,100.0,2,2,0,6.3,4,26,19,0,66.7,85.7,68.6,73.8,81.4,0.3,1,0,61,14.0,52,371,1,60,78.2,290,5.1,19,118.8,76,5,16.2,60,551,520,8.7,9.2,1.9
Seth Roberts,9079,WR,OAK,16,9.4,10,50.7,0.0,0,2,0,19.1,9,22,23,0,30.0,78.3,58.6,61.4,55.3,4.6,25,1,41,0.6,3,540,6,38,91.5,494,79.4,429,83.0,75,5,15.9,86,397,206,5.4,10.4,0.8
Robbie Chosen,11254,WR,NYJ,16,16.9,4,56.0,50.0,2,4,0,12.5,6,18,22,1,39.2,34.3,58.0,,56.4,1.7,8,5,52,0.0,0,476,1,42,95.6,455,11.1,53,62.5,75,2,86.8,413,587,118,2.8,14.0,1.29
Kenny Stills,7926,WR,MIA,16,15.4,5,56.0,0.0,0,3,3,6.7,3,31,17,0,68.0,78.5,67.7,,69.2,0.0,0,5,74,0.0,0,493,6,42,96.3,475,39.8,196,100.9,75,9,60.2,297,726,187,4.5,17.3,1.53
Brian Quick,7037,WR,LA,16,12.7,4,54.7,50.0,3,6,2,10.9,5,21,26,0,52.6,78.4,60.5,65.7,61.3,0.0,0,3,65,0.2,1,470,6,41,93.6,440,33.4,157,75.6,75,3,66.6,313,564,172,4.2,13.8,1.28
Lance Kendricks,6199,TE,LA,16,5.4,5,67.6,33.3,1,3,0,12.3,7,22,26,1,40.7,38.8,63.7,68.6,61.6,63.6,322,4,44,24.7,125,506,2,50,70.4,356,25.3,128,73.0,74,2,9.5,48,499,273,5.5,10.0,1.4
Jack Doyle,8520,TE,IND,16,6.6,4,81.9,100.0,1,1,1,4.8,3,32,14,1,77.0,43.4,75.1,57.0,75.5,35.6,167,2,24,16.2,76,469,5,59,79.1,371,46.3,217,112.0,72,5,7.9,37,584,240,4.1,9.9,1.57
Michael Floyd,7019,WR,NE,15,15.5,0,51.4,25.0,2,8,1,11.9,5,31,19,0,49.0,77.9,66.3,86.4,63.7,0.0,0,3,39,0.8,4,503,6,37,91.5,460,27.6,139,78.9,72,5,72.4,364,488,68,1.8,13.2,1.06
Jeremy Maclin,4942,WR,KC,12,11.8,3,61.1,57.1,4,7,0,12.0,6,29,16,0,45.9,78.9,63.7,67.5,65.9,0.2,1,3,44,0.2,1,401,1,44,96.3,386,46.9,188,75.9,72,2,52.9,212,536,134,3.0,12.2,1.39
Ryan Griffin,7982,TE,HST,16,7.6,4,69.4,75.0,3,4,0,9.1,5,19,13,1,59.5,38.1,56.4,64.4,55.7,30.3,96,1,45,4.4,14,317,3,50,90.5,287,62.1,197,89.0,72,2,7.3,23,442,159,3.2,8.8,1.54
Robert Woods,7822,WR,BUF,13,11.3,3,71.8,100.0,4,4,0,5.6,3,32,4,0,59.3,79.7,71.4,,71.5,0.8,3,1,34,0.0,0,382,4,51,92.9,355,50.5,193,96.7,71,1,48.4,185,613,127,2.5,12.0,1.73
Travis Benjamin,7100,WR,SD,14,13.3,6,66.2,60.0,3,5,2,9.6,5,26,27,3,55.3,36.4,67.2,,67.3,0.0,0,2,54,0.0,0,414,2,47,95.9,397,33.1,137,104.0,71,4,66.2,274,677,250,5.3,14.4,1.71
Bilal Powell,6278,HB,NYJ,16,-0.5,13,84.1,50.0,1,2,0,4.9,3,22,22,1,76.3,76.0,77.8,63.3,63.7,0.8,3,1,22,14.2,55,387,0,58,81.9,317,10.6,41,93.7,69,2,8.5,33,388,423,7.3,6.7,1.22
Will Tye,10070,TE,NYG,16,6.5,9,70.6,50.0,2,4,1,5.9,3,16,21,0,71.1,79.1,57.1,64.3,57.8,73.3,300,4,27,6.1,25,409,1,48,89.0,364,19.1,78,65.5,68,1,4.4,18,395,194,4.0,8.2,1.09
Duke Johnson Jr.,9510,HB,CLV,16,1.8,21,77.9,0.0,0,1,0,5.4,3,23,8,1,74.0,35.3,64.6,68.9,71.0,0.0,0,2,32,20.6,77,374,0,53,74.1,277,7.0,26,85.9,68,0,5.6,21,514,435,8.2,9.7,1.86
Victor Cruz,5827,WR,NYG,15,12.0,5,57.4,66.7,4,6,0,11.4,5,25,21,1,49.0,29.3,61.3,65.5,60.1,0.2,1,1,48,0.2,1,495,1,39,94.3,467,4.4,22,84.6,68,1,95.4,472,586,196,5.0,15.0,1.25
Dorial Green-Beckham,9473,WR,PHI,15,10.2,5,53.7,100.0,1,1,0,14.3,6,25,24,0,40.4,77.7,59.9,,60.5,0.0,0,2,26,0.0,0,446,5,36,94.6,422,6.5,29,68.8,67,2,93.5,417,392,147,4.1,10.9,0.93
J.J. Nelson,9592,WR,ARZ,15,17.7,4,50.7,100.0,1,1,0,15.0,6,26,1,1,37.2,30.1,69.5,,67.2,0.0,0,2,80,0.0,0,364,0,34,91.8,334,25.3,92,97.1,67,6,74.7,272,568,173,5.1,16.7,1.7
Allen Hurns,8931,WR,JAX,11,10.9,1,52.2,0.0,0,4,0,16.7,7,22,15,1,30.0,28.7,57.1,72.0,56.9,1.5,7,2,42,0.4,2,455,1,35,92.3,420,69.7,317,77.8,67,3,28.6,130,477,205,5.9,13.6,1.14
Martellus Bennett,4375,TE,NE,16,5.9,9,82.1,50.0,2,4,0,3.5,2,31,19,0,74.8,80.3,79.5,71.1,80.7,46.7,226,0,58,21.5,104,484,3,55,74.0,358,36.6,177,145.1,67,7,16.7,81,701,412,7.5,12.7,1.96
John Brown,8726,WR,ARZ,15,14.6,2,59.1,44.4,4,9,0,2.5,1,28,1,0,90.1,53.7,71.4,,70.2,0.0,0,4,30,0.0,0,426,1,39,92.5,394,45.5,194,68.8,66,2,54.5,232,517,111,2.8,13.3,1.31
Chris Conley,9509,WR,KC,16,10.3,1,67.7,83.3,5,6,0,6.4,3,29,16,1,68.0,31.2,61.9,,60.1,0.2,1,1,39,0.0,0,539,1,44,95.5,515,13.4,72,86.1,65,0,86.5,466,530,158,3.6,12.0,1.03
Eli Rogers,9878,WR,PIT,13,9.6,3,73.8,100.0,1,1,1,5.9,3,24,25,0,71.1,42.4,67.0,,67.3,0.0,0,3,39,0.0,0,405,2,48,94.3,382,84.9,344,97.9,65,3,14.8,60,594,208,4.3,12.4,1.55
Breshad Perriman,9459,WR,BLT,16,14.3,2,51.6,50.0,2,4,0,13.2,5,19,3,0,36.1,77.4,64.2,,63.4,0.0,0,4,53,0.0,0,348,0,33,93.7,326,11.5,40,67.1,64,3,88.5,308,499,174,5.3,15.1,1.53
DeMarco Murray,6223,HB,TEN,16,0.4,4,82.8,100.0,3,3,0,1.9,1,20,31,0,87.6,69.2,69.5,83.6,70.4,1.2,6,0,35,23.0,117,508,3,53,69.9,355,4.5,23,106.8,64,3,3.1,16,377,364,6.9,7.1,1.06
Cordarrelle Patterson,7810,WR,MIN,16,4.8,10,81.3,100.0,2,2,0,1.9,1,22,18,0,80.1,58.6,64.5,67.1,64.0,0.3,1,1,39,0.3,1,386,3,52,93.3,360,25.1,97,100.1,64,2,74.4,287,453,327,6.3,8.7,1.26
Darren Sproles,2347,HB,PHI,15,0.5,7,82.5,100.0,1,1,0,7.1,4,18,24,0,66.0,90.4,67.8,77.6,66.9,0.0,0,0,73,14.0,55,392,1,52,81.1,318,7.9,31,105.5,63,2,7.1,28,427,427,8.2,8.2,1.34
Marquise Goodwin,7859,WR,BUF,15,15.9,2,46.0,50.0,1,2,1,9.4,3,20,4,0,68.1,76.6,62.3,,62.3,0.0,0,4,84,0.0,0,414,4,29,94.2,390,13.5,56,58.4,63,3,86.5,358,431,95,3.3,14.9,1.11
Nelson Agholor,9453,WR,PHI,15,11.1,6,58.1,100.0,2,2,1,16.3,7,15,24,1,33.0,35.3,52.6,65.9,52.4,0.4,2,3,40,0.2,1,565,3,36,94.0,531,22.1,125,65.6,62,2,77.5,438,365,109,3.0,10.1,0.69
Tyler Lockett,9502,WR,SEA,15,11.3,1,66.1,0.0,0,1,0,6.8,3,22,29,0,69.3,90.0,68.9,,65.1,0.5,2,1,57,0.0,0,421,1,41,93.6,394,31.1,131,96.0,62,1,68.2,287,597,223,5.4,14.6,1.52
Theo Riddick,7980,HB,DET,10,0.6,14,85.5,50.0,1,2,0,7.0,4,20,11,0,67.4,89.2,72.0,77.2,80.1,1.3,4,0,23,15.0,48,320,0,53,79.4,254,6.6,21,118.5,62,5,5.0,16,371,380,7.2,7.0,1.46
Zach Miller,5104,TE,CHI,10,6.8,7,75.8,85.7,6,7,0,2.1,1,28,6,0,85.9,79.1,73.0,69.5,72.7,49.4,168,1,34,6.5,22,340,1,47,89.4,304,43.8,149,112.7,62,4,5.3,18,486,222,4.7,10.3,1.6
Corey Coleman,10649,WR,CLV,10,15.5,8,53.2,,0,0,1,10.8,4,17,8,0,51.9,77.5,61.7,,61.9,0.0,0,3,58,0.0,0,379,3,33,95.0,360,5.3,20,70.2,62,3,94.7,359,413,100,3.0,12.5,1.15
Devonta Freeman,8738,HB,ATL,16,1.2,10,88.5,100.0,1,1,0,5.3,3,22,2,0,74.5,84.3,74.3,63.3,74.0,0.3,1,1,35,15.3,55,360,0,54,80.8,291,6.4,23,102.3,61,2,9.7,35,462,424,7.9,8.6,1.59
Terrance Williams,7855,WR,DAL,16,12.2,6,72.1,80.0,4,5,1,2.2,1,34,9,1,84.0,31.2,71.7,60.9,70.3,0.8,4,0,47,0.2,1,471,2,44,94.5,445,13.0,61,124.6,61,4,86.0,405,594,164,3.7,13.5,1.33
T.J. Yeldon,9469,HB,JAX,15,-0.9,13,83.3,100.0,1,1,0,3.8,2,16,15,0,79.6,60.5,66.1,63.7,69.4,4.4,19,1,17,23.3,100,430,0,50,70.9,305,0.7,3,86.9,60,1,4.2,18,312,371,7.4,6.2,1.02
Quinton Patton,7910,WR,SF,14,9.3,5,62.7,100.0,3,3,0,9.8,4,21,28,1,55.9,29.7,62.2,61.6,58.7,0.2,1,1,45,0.2,1,417,1,37,95.7,399,25.9,108,76.1,59,0,73.9,308,408,199,5.4,11.0,1.02
Vernon Davis,2951,TE,WAS,16,9.8,13,74.6,,0,0,0,4.3,2,22,32,0,69.3,78.8,76.0,64.0,82.5,69.5,253,2,44,16.2,59,364,6,44,78.0,284,16.8,61,102.6,59,2,11.8,43,583,228,5.2,13.3,2.05
Chris Thompson,7936,HB,WAS,16,1.8,9,83.1,33.3,1,3,0,5.8,3,18,32,1,70.9,50.0,63.2,68.0,57.7,0.0,0,0,38,20.6,84,408,0,49,75.7,309,2.9,12,102.6,59,2,8.1,33,349,252,5.1,7.1,1.13
Trey Burton,9185,TE,PHI,15,7.9,3,63.8,,0,0,1,9.8,4,20,24,0,48.7,77.8,65.7,61.0,66.0,23.5,56,1,32,2.1,5,238,2,37,93.7,223,60.5,144,77.3,58,1,13.0,31,327,138,3.7,8.8,1.47
Jermaine Gresham,5546,TE,ARZ,16,8.1,7,63.8,50.0,1,2,0,11.9,5,19,1,1,47.5,28.9,63.8,49.3,63.4,84.0,405,1,34,24.9,120,482,10,37,69.3,334,13.7,66,87.6,58,2,1.2,6,391,144,3.9,10.6,1.17
Jesse James,9593,TE,PIT,16,7.2,2,68.4,66.7,2,3,0,9.3,4,20,25,0,58.4,78.1,62.5,61.1,54.6,69.7,338,3,24,15.9,77,485,3,39,79.2,384,26.4,128,79.4,57,3,3.1,15,338,125,3.2,8.7,0.88
Phillip Dorsett,9462,WR,IND,15,13.5,2,58.9,80.0,4,5,0,10.8,4,20,14,1,51.7,28.9,56.5,70.2,55.1,0.7,4,3,64,0.2,1,567,0,33,92.6,525,28.4,161,80.1,56,2,70.9,402,528,151,4.6,16.0,1.01
Todd Gurley II,9443,HB,LA,16,0.7,13,78.2,100.0,2,2,1,6.5,3,15,26,0,68.9,76.9,57.3,71.8,63.2,0.0,0,1,33,16.1,69,428,2,43,77.8,333,1.9,8,83.9,55,0,6.1,26,327,352,8.2,7.6,0.98
Donte Moncrief,8725,WR,IND,9,11.0,3,55.6,66.7,2,3,0,6.3,2,22,14,0,68.2,76.9,73.4,,71.2,0.3,1,2,39,0.0,0,309,0,30,95.5,295,23.6,73,96.2,54,7,75.7,234,307,75,2.5,10.2,1.04
LeSean McCoy,4976,HB,BUF,15,-0.6,18,92.6,100.0,2,2,0,2.0,1,18,4,0,87.2,77.0,78.6,50.8,86.8,1.4,5,0,41,25.3,92,363,1,50,70.0,254,3.3,12,100.3,54,1,3.6,13,356,403,8.1,7.1,1.4
Chris Hogan,6468,WR,NE,15,14.0,4,70.4,0.0,0,2,2,2.6,1,23,19,1,81.9,30.8,61.8,,61.3,0.0,0,1,79,0.0,0,496,4,38,92.5,459,37.9,188,129.8,54,4,61.7,306,680,233,6.1,17.9,1.48
Devin Funchess,9474,WR,CAR,15,14.1,3,42.6,33.3,1,3,3,20.7,6,20,5,0,29.1,75.3,64.4,66.3,65.8,0.7,2,1,48,0.3,1,291,7,23,91.8,267,25.8,75,83.2,54,4,73.5,214,371,108,4.7,16.1,1.39
Melvin Gordon III,9448,HB,SD,13,0.5,11,77.4,0.0,0,1,0,2.4,1,21,27,0,83.6,75.3,68.9,68.8,70.9,0.0,0,0,35,14.8,57,386,0,41,80.3,310,2.1,8,112.1,53,2,6.5,25,419,420,10.2,10.2,1.35
Mark Ingram II,6180,HB,NO,16,0.7,5,88.5,100.0,2,2,0,2.1,1,18,20,0,85.0,70.8,71.2,69.2,79.6,0.0,0,0,22,15.3,45,294,3,46,81.3,239,5.4,16,117.9,52,4,5.1,15,319,329,7.2,6.9,1.33
Jerick McKinnon,8731,HB,MIN,15,-0.1,12,84.3,50.0,1,2,0,4.4,2,16,18,0,76.3,90.5,59.3,78.5,67.6,0.3,1,0,41,15.6,50,321,1,43,79.1,254,1.6,5,100.6,51,2,8.7,28,255,277,6.4,5.9,1.0
Andrew Hawkins,6125,WR,CLV,16,8.0,6,66.0,100.0,2,2,0,5.7,2,20,8,0,69.8,77.5,58.1,62.3,57.0,0.0,0,0,33,0.2,1,476,1,33,93.9,447,88.4,421,104.1,50,3,10.7,51,324,137,4.2,9.8,0.72
Jared Cook,5012,TE,GB,10,10.2,2,60.0,0.0,0,1,0,6.3,2,19,12,1,67.5,27.2,70.7,76.5,71.5,29.2,69,0,47,7.6,18,236,2,30,86.4,204,45.3,107,90.2,50,1,16.9,40,377,149,5.0,12.6,1.85
Albert Wilson,8943,WR,KC,16,7.5,3,62.0,66.7,2,3,0,8.8,3,10,16,0,58.7,77.5,54.1,,54.6,0.6,2,0,42,0.0,0,340,3,31,95.0,323,78.8,268,90.3,50,2,20.3,69,279,164,5.3,9.0,0.86
Sammy Watkins,8639,WR,BUF,8,14.6,2,56.0,0.0,0,1,0,9.7,3,20,4,0,56.1,76.1,73.7,,73.0,0.4,1,1,62,0.0,0,235,1,28,94.5,222,19.6,46,89.6,50,2,80.0,188,430,48,1.7,15.4,1.94
Travaris Cadet,7457,HB,NO,15,3.4,7,80.0,100.0,2,2,0,9.1,4,18,20,0,59.9,84.1,65.4,81.3,68.1,0.4,1,1,25,6.3,15,239,2,40,89.1,213,16.7,40,108.4,50,4,31.0,74,281,206,5.2,7.0,1.32
Ty Montgomery,9527,HB,GB,14,0.7,6,89.8,,0,0,0,4.3,2,18,12,1,77.0,51.8,73.7,72.4,67.3,0.0,0,1,24,13.4,39,291,0,44,82.1,239,21.0,61,87.8,49,0,6.2,18,348,331,7.5,7.9,1.46
Clive Walford,9501,TE,OAK,15,9.0,1,67.3,0.0,0,2,1,13.2,5,19,23,0,44.1,77.1,58.0,81.7,55.8,44.6,179,0,31,10.0,40,401,6,33,84.3,338,40.1,161,109.1,49,3,11.7,47,359,125,3.8,10.9,1.06
Sammie Coates,9520,WR,PIT,14,21.6,3,42.9,75.0,3,4,0,25.0,7,15,25,0,27.8,78.4,60.4,,60.4,0.4,1,3,72,0.0,0,223,1,21,95.1,212,11.7,26,62.9,49,2,87.9,196,435,115,5.5,20.7,2.05
Dwayne Allen,7066,TE,IND,14,9.0,0,72.9,57.1,4,7,1,5.4,2,25,14,1,72.0,29.1,64.6,38.6,66.0,47.7,180,1,23,15.9,60,377,4,35,78.2,295,43.5,164,129.0,48,6,6.4,24,406,122,3.5,11.6,1.38
Giovani Bernard,7818,HB,CIN,10,1.8,7,81.3,100.0,2,2,0,4.9,2,16,7,1,76.3,69.2,66.4,80.1,70.1,0.7,2,0,32,21.7,64,295,1,39,73.9,218,5.4,16,102.8,48,1,5.8,17,336,260,6.7,8.6,1.54
Isaiah Crowell,9295,HB,CLV,16,-0.3,12,85.1,,0,0,0,11.1,5,14,8,0,52.0,69.2,67.5,58.4,72.2,0.3,1,0,44,31.7,104,328,0,40,64.6,212,3.0,10,94.9,47,0,2.7,9,319,340,8.5,8.0,1.5
Hunter Henry,10669,TE,SD,15,10.0,3,76.6,66.7,2,3,0,5.3,2,30,27,1,71.6,27.0,83.0,79.0,85.7,42.7,125,0,59,13.0,38,293,4,36,82.3,241,40.3,118,147.9,47,8,16.0,47,478,197,5.5,13.3,1.98
Garrett Celek,7274,TE,SF,16,9.4,1,61.7,40.0,2,5,0,17.1,6,19,28,2,30.1,20.1,58.3,55.5,55.6,74.6,238,1,31,11.0,35,319,3,29,87.8,280,22.6,72,96.9,47,3,1.6,5,350,115,4.0,12.1,1.25
Julius Thomas,6281,TE,JAX,9,8.0,0,63.8,100.0,1,1,1,6.3,2,15,15,0,69.0,76.8,61.8,45.1,63.2,54.9,186,0,24,6.2,21,339,2,30,87.3,296,32.2,109,108.6,47,4,13.0,44,281,103,3.4,9.4,0.95
Jordan Howard,10784,HB,CHI,15,0.5,12,63.0,,0,0,0,21.6,8,11,6,1,28.8,74.1,73.8,81.9,41.0,0.5,2,1,34,15.5,59,381,2,29,79.5,303,2.6,10,79.8,46,1,3.7,14,298,323,11.1,10.3,0.98
Kamar Aiken,6671,WR,BLT,16,12.2,2,63.0,50.0,1,2,0,6.5,2,18,3,0,68.1,76.6,60.5,73.9,57.8,0.5,2,0,29,0.7,3,425,1,29,92.9,395,71.5,304,91.6,46,1,28.0,119,328,99,3.4,11.3,0.83
Taylor Gabriel,9002,WR,ATL,13,11.5,6,76.1,66.7,2,3,0,2.8,1,21,2,0,80.1,78.0,85.8,62.4,84.2,0.0,0,1,76,0.4,1,253,1,35,93.3,236,19.8,50,148.1,46,6,80.2,203,579,282,8.1,16.5,2.45
Malcolm Mitchell,10746,WR,NE,14,10.6,6,71.1,66.7,2,3,1,11.1,4,23,19,0,60.7,77.0,67.9,,66.7,0.0,0,1,56,0.0,0,329,3,32,93.6,308,14.9,49,118.8,45,4,85.1,280,401,162,5.1,12.5,1.3
Torrey Smith,6210,WR,SF,12,14.2,2,44.4,0.0,0,1,1,23.1,6,14,28,0,27.8,75.2,53.9,,52.2,0.0,0,3,53,0.0,0,380,1,20,96.1,365,17.6,67,58.3,45,3,82.4,313,267,62,3.1,13.4,0.73
Corey Brown,8986,WR,CAR,16,10.5,1,60.0,60.0,3,5,1,3.6,1,16,5,1,75.5,76.2,57.5,,57.4,0.0,0,1,27,0.0,0,376,1,27,93.9,353,80.3,302,75.8,45,1,18.6,70,276,122,4.5,10.2,0.78
Eddie Royal,4356,WR,CHI,9,6.9,4,75.0,66.7,4,6,1,2.9,1,16,6,1,79.9,49.7,65.1,,64.2,0.0,0,0,64,0.0,0,240,1,33,95.0,228,72.1,173,114.7,44,2,27.5,66,369,194,5.9,11.2,1.62
Frank Gore,2282,HB,IND,16,-0.2,8,86.4,0.0,0,1,0,2.6,1,14,14,0,82.2,75.1,59.6,58.9,65.4,0.0,0,0,49,20.6,74,360,0,38,73.1,263,3.1,11,123.2,44,4,10.6,38,277,299,7.9,7.3,1.05
Vance McDonald,7836,TE,SF,11,10.3,3,55.8,,0,0,0,11.1,3,13,28,0,51.6,75.3,68.7,68.8,70.0,77.0,207,1,75,8.2,22,269,1,24,87.0,234,19.0,51,107.8,43,4,1.5,4,391,209,8.7,16.3,1.67
Richard Rodgers,8733,TE,GB,16,8.7,2,69.8,50.0,1,2,0,11.8,4,13,12,0,50.5,85.4,58.1,70.8,56.2,38.1,149,1,22,12.3,48,391,1,30,82.4,322,48.3,189,92.3,43,2,8.2,32,271,105,3.5,9.0,0.84
Kyle Juszczyk,7912,FB,BLT,16,1.3,5,88.1,100.0,2,2,0,2.6,1,12,3,0,82.8,79.2,75.6,91.0,71.1,2.8,10,0,40,26.8,95,354,0,37,68.4,242,9.0,32,93.1,42,0,8.2,29,266,224,6.1,7.2,1.1
Spencer Ware,7975,HB,KC,14,2.7,14,78.6,100.0,1,1,0,2.9,1,17,16,1,79.4,45.7,73.2,73.9,90.5,2.4,7,1,46,9.9,29,292,0,33,86.6,253,2.4,7,117.0,42,2,2.7,8,447,385,11.7,13.5,1.77
Rashad Jennings,5174,HB,NYG,13,-2.3,6,85.4,,0,0,0,5.4,2,8,21,1,70.9,79.3,54.7,85.6,55.6,0.0,0,0,24,21.1,52,246,0,35,75.2,185,0.4,1,95.2,41,1,2.8,7,201,273,7.8,5.7,1.09
Kendall Wright,7026,WR,TEN,11,11.0,2,70.7,100.0,1,1,1,6.5,2,18,31,0,76.7,77.5,72.1,65.4,71.5,0.0,0,2,48,0.4,1,241,1,29,93.8,226,88.4,213,107.4,41,3,11.2,27,416,122,4.2,14.3,1.84
Kenneth Dixon,10768,HB,BLT,12,-0.1,9,75.0,,0,0,0,11.8,4,7,3,0,48.7,66.9,72.5,39.9,52.1,0.0,0,1,16,20.1,33,164,1,30,77.4,127,3.0,5,79.4,40,1,7.9,13,162,186,6.2,5.4,1.28
Terrance West,8729,HB,BLT,16,0.7,6,85.0,100.0,1,1,0,2.9,1,11,3,0,79.9,67.9,73.9,67.3,79.3,0.0,0,0,17,27.1,61,225,1,34,68.9,155,0.9,2,99.6,40,1,7.6,17,236,249,7.3,6.9,1.52
Jalen Richard,11395,HB,OAK,16,2.7,7,74.4,,0,0,0,9.4,3,8,23,0,56.8,90.8,81.0,83.6,82.7,0.0,0,0,29,7.7,11,142,0,29,88.0,125,9.2,13,101.9,39,2,26.8,38,194,162,5.6,6.7,1.55
Russell Shepard,8254,WR,TB,14,14.8,2,59.0,100.0,1,1,1,4.2,1,19,30,0,73.7,75.6,78.4,,75.5,2.9,7,2,24,0.0,0,241,1,23,94.2,227,24.5,59,83.4,39,2,72.2,174,341,79,3.4,14.8,1.5
Tyler Eifert,7802,TE,CIN,8,9.5,0,74.4,,0,0,0,6.5,2,23,7,0,77.5,76.5,80.7,61.8,83.1,47.6,136,2,71,11.2,32,286,4,29,83.9,240,31.8,91,124.4,39,5,14.7,42,394,145,5.0,13.6,1.64
Brandon Coleman,9086,WR,NO,16,11.6,0,68.4,100.0,1,1,1,7.1,2,16,20,0,64.3,75.7,69.4,82.5,66.9,1.0,2,2,38,1.0,2,199,3,26,97.0,193,48.7,97,94.3,38,3,50.3,100,281,68,2.6,10.8,1.46
Josh Bellamy,7472,WR,CHI,12,15.7,4,50.0,,0,0,0,20.8,5,13,6,0,28.0,76.3,70.8,,67.9,0.5,1,1,31,0.0,0,184,0,19,93.5,172,23.9,44,72.5,38,1,75.5,139,282,50,2.6,14.8,1.64
Latavius Murray,7962,HB,OAK,14,-0.2,8,86.8,,0,0,0,2.9,1,11,23,0,79.9,68.3,65.3,84.9,65.4,0.7,2,0,39,23.7,71,300,0,33,70.3,211,1.3,4,95.6,38,0,8.7,26,264,282,8.5,8.0,1.25
Matt Asiata,6432,HB,MIN,16,-0.1,5,84.2,,0,0,0,13.5,5,9,18,0,44.4,73.7,59.3,67.7,59.7,0.4,1,0,31,28.4,74,261,1,32,68.6,179,1.9,5,95.5,38,0,2.3,6,263,268,8.4,8.2,1.47
Ezekiel Elliott,10638,HB,DAL,15,-0.2,9,86.5,,0,0,0,3.0,1,11,9,0,78.4,61.3,76.6,61.3,64.2,0.3,1,0,83,17.8,60,337,3,32,78.6,265,7.1,24,116.6,37,1,4.5,15,363,392,12.3,11.3,1.37
Charles Johnson,7998,WR,MIN,16,13.1,2,54.1,25.0,1,4,0,4.8,1,11,18,0,70.7,75.0,60.4,,60.1,0.4,1,0,40,0.0,0,271,1,20,97.8,265,8.9,24,73.3,37,0,90.8,246,232,71,3.6,11.6,0.88
Devontae Booker,10770,HB,DEN,16,1.4,6,83.8,,0,0,0,3.1,1,8,10,2,78.0,36.5,55.3,74.0,53.5,0.0,0,0,43,19.7,59,299,1,31,75.9,227,1.7,5,105.5,37,1,3.0,9,265,260,8.4,8.5,1.17
C.J. Uzomah,9590,TE,CIN,10,7.2,3,67.6,66.7,2,3,0,13.8,4,14,7,0,43.3,75.5,63.0,56.4,63.3,53.5,145,1,54,14.4,39,271,2,25,81.9,222,32.5,88,82.5,37,1,10.0,27,234,98,3.9,9.4,1.05
Matt Forte,4358,HB,NYJ,14,-0.4,6,81.1,0.0,0,2,0,11.8,4,10,22,0,49.9,82.4,63.8,76.0,56.5,0.0,0,1,40,17.3,43,248,0,30,78.2,194,10.5,26,94.0,37,1,7.3,18,263,283,9.4,8.8,1.36
Shaun Draughn,6440,HB,SF,14,3.8,6,78.4,,0,0,2,9.4,3,10,28,1,58.0,62.8,61.1,43.1,57.2,1.8,4,0,29,13.6,30,220,2,29,82.7,182,1.8,4,114.3,37,2,7.7,17,263,190,6.6,9.1,1.45
Tevin Coleman,9506,HB,ATL,13,1.8,1,83.8,33.3,1,3,0,8.8,3,16,2,0,60.7,72.2,71.5,71.6,85.2,0.4,1,0,49,20.6,46,223,0,31,74.4,166,4.5,10,141.1,37,3,10.8,24,421,381,12.3,13.6,2.54
Rob Gronkowski,5567,TE,NE,8,15.1,7,69.4,50.0,1,2,0,3.8,1,20,19,0,74.4,75.5,90.2,80.3,91.0,34.3,74,0,53,16.2,35,216,5,25,78.2,169,44.9,97,139.8,36,3,19.9,43,540,217,8.7,21.6,3.2
Deonte Thompson,7513,WR,CHI,13,14.4,4,61.1,,0,0,0,4.3,1,18,6,0,73.5,50.4,70.5,,69.5,0.0,0,0,24,0.0,0,194,3,22,90.7,176,10.3,20,100.3,36,2,89.7,174,249,43,2.0,11.3,1.41
Lamar Miller,7097,HB,HST,14,0.7,8,86.1,,0,0,0,0.0,0,9,13,0,88.3,75.4,63.2,77.4,67.8,0.3,1,0,16,20.5,68,331,0,31,76.4,253,3.0,10,97.7,36,1,3.6,12,188,173,5.6,6.1,0.74
Charcandrick West,9047,HB,KC,15,0.2,4,82.4,,0,0,0,3.4,1,10,16,0,76.7,87.8,61.3,85.4,68.6,3.9,10,0,28,10.9,28,257,1,28,85.6,220,1.2,3,109.3,34,2,1.2,3,188,201,7.2,6.7,0.85
Kevin White,9440,WR,CHI,4,13.4,1,55.9,50.0,4,8,0,5.0,1,8,6,0,70.7,74.8,66.0,,66.0,0.0,0,1,32,0.0,0,138,1,19,96.4,133,24.6,34,59.3,34,0,75.4,104,187,58,3.1,9.8,1.41
Dion Sims,7888,TE,MIA,14,7.0,3,76.5,100.0,1,1,0,3.7,1,14,17,0,75.1,75.7,60.0,56.8,59.9,74.5,307,2,28,26.0,107,412,3,26,71.4,294,8.5,35,111.9,34,4,14.6,60,256,135,5.2,9.8,0.87
Virgil Green,6356,TE,DEN,12,7.7,4,64.7,100.0,2,2,1,12.0,3,13,10,0,50.0,75.0,67.4,68.5,61.9,81.4,236,0,31,19.0,55,290,2,22,76.6,222,13.4,39,94.9,34,1,4.1,12,237,101,4.6,10.8,1.07
Robert Turbin,7106,HB,IND,15,-0.9,6,78.8,,0,0,0,10.3,3,9,14,0,54.2,55.0,66.1,90.0,55.2,0.0,0,0,19,25.7,62,241,0,26,68.9,166,5.0,12,99.4,33,1,5.4,13,179,214,8.2,6.9,1.08
Charone Peake,10875,WR,NYJ,13,9.5,4,57.6,100.0,1,1,0,9.5,2,7,22,0,58.1,74.4,59.0,,57.7,0.0,0,2,27,0.0,0,239,0,19,95.0,227,77.0,184,48.3,33,0,23.0,55,186,73,3.8,9.8,0.82
Jay Ajayi,9582,HB,MIA,15,1.1,5,81.8,,0,0,1,6.9,2,8,17,0,57.2,53.7,80.3,69.7,58.8,0.0,0,0,15,20.4,58,284,5,27,77.1,219,0.4,1,85.7,33,0,4.6,13,151,131,4.9,5.6,0.69
Paul Richardson Jr.,8680,WR,SEA,15,13.4,1,65.6,100.0,1,1,0,4.5,1,17,29,0,71.5,77.3,70.5,,70.5,0.5,1,1,39,0.0,0,215,1,21,95.3,205,14.9,32,91.7,32,1,84.7,182,288,95,4.5,13.7,1.4
Carlos Hyde,8692,HB,SF,13,2.3,3,84.4,,0,0,0,3.6,1,7,28,1,75.5,32.7,63.6,70.7,55.6,0.7,2,0,19,15.4,43,279,1,27,82.1,229,1.4,4,119.1,32,3,6.8,19,163,149,5.5,6.0,0.71
Ricardo Louis,10748,WR,CLV,14,10.8,4,56.3,50.0,1,2,0,14.3,3,7,8,1,43.3,27.4,57.9,66.1,57.1,0.0,0,1,42,0.5,1,222,2,18,94.6,210,21.6,48,62.6,32,0,78.4,174,205,93,5.2,11.4,0.98
Ladarius Green,7110,TE,PIT,6,12.5,3,56.3,,0,0,0,5.3,1,12,25,0,68.7,73.9,78.4,75.3,82.8,62.6,72,1,37,3.5,4,115,2,18,87.8,101,29.6,34,85.9,32,1,7.0,8,304,93,5.2,16.9,3.01
Jordan Norwood,5358,WR,DEN,14,7.9,4,65.6,0.0,0,1,2,4.5,1,9,10,1,72.1,28.2,51.5,,51.7,0.3,1,2,36,0.0,0,342,2,21,93.0,318,79.2,271,71.4,32,1,20.5,70,232,78,3.7,11.0,0.73
Fozzy Whittaker,8547,HB,CAR,16,0.5,7,80.6,,0,0,0,13.8,4,10,5,0,43.1,62.1,60.6,81.9,70.5,0.4,1,1,25,27.2,64,235,1,25,68.1,160,14.0,33,83.6,31,0,3.0,7,226,236,9.4,9.0,1.41
Aldrick Robinson,6330,WR,ATL,16,12.4,1,64.5,50.0,1,2,0,0.0,0,14,2,0,84.1,75.7,78.2,,76.7,0.0,0,0,59,0.0,0,152,0,20,94.7,144,19.7,30,120.8,31,2,80.3,122,323,81,4.1,16.2,2.24
Bryan Walters,6139,WR,JAX,10,6.1,2,77.4,,0,0,1,4.0,1,15,15,0,73.5,50.0,62.9,,63.2,0.0,0,0,23,0.0,0,232,1,24,94.8,220,85.3,198,119.2,31,2,13.8,32,231,97,4.0,9.6,1.05
Chester Rogers,10918,WR,IND,13,12.4,2,61.3,,0,0,0,5.0,1,14,14,1,71.3,83.2,59.2,,61.8,0.0,0,2,36,0.0,0,315,5,19,91.4,288,21.9,69,63.0,31,0,78.1,246,273,44,2.3,14.4,0.95
Jacob Tamme,4441,TE,ATL,8,6.7,4,73.3,100.0,1,1,0,0.0,0,13,2,0,85.1,75.0,70.4,67.1,71.9,51.4,112,1,19,11.9,26,218,1,22,85.3,186,31.2,68,111.8,30,3,10.1,22,210,94,4.3,9.5,1.13
Demetrius Harris,8524,TE,KC,16,7.5,5,56.7,,0,0,0,26.1,6,9,16,1,28.0,24.3,46.2,55.3,43.6,50.8,123,0,13,19.4,47,242,3,17,76.9,186,31.0,75,77.5,30,1,18.2,44,123,49,2.9,7.2,0.66
Brice Butler,7991,WR,DAL,16,15.6,1,53.3,20.0,1,5,0,5.9,1,11,9,0,67.7,73.6,61.1,,63.2,0.0,0,1,41,0.0,0,235,3,16,95.3,224,29.4,69,96.4,30,3,70.6,166,219,19,1.2,13.7,0.98
Vincent Jackson,2278,WR,TB,5,13.7,0,50.0,66.7,4,6,0,16.7,3,8,30,0,41.9,73.6,60.8,,57.0,0.9,2,2,18,0.0,0,221,0,15,90.5,200,24.0,53,40.0,30,0,75.1,166,173,18,1.2,11.5,0.87
Justin Hardy,9540,WR,ATL,15,9.8,1,70.0,100.0,1,1,0,0.0,0,17,2,0,84.5,76.3,75.5,62.3,73.6,0.5,1,0,27,0.5,1,197,1,21,92.4,182,24.4,48,128.2,30,4,75.1,148,203,51,2.4,9.7,1.12
Charles Sims,8704,HB,TB,7,1.9,6,82.8,50.0,1,2,0,4.0,1,9,30,0,75.0,55.2,58.7,66.4,68.0,0.6,1,2,33,26.7,48,180,0,24,68.3,123,4.4,8,76.7,29,1,11.1,20,190,179,7.5,7.9,1.54
Cobi Hamilton,7978,WR,PIT,11,14.2,1,60.7,,0,0,0,0.0,0,13,25,0,82.2,76.3,62.6,,62.3,0.8,2,0,39,0.0,0,258,1,17,92.6,239,17.1,44,111.3,28,2,82.2,212,234,24,1.4,13.8,0.98
Marcedes Lewis,2973,TE,JAX,10,4.8,4,71.4,0.0,0,1,1,0.0,0,10,15,0,83.6,74.4,66.2,71.3,69.1,75.4,126,0,37,22.8,38,167,2,20,72.5,121,20.4,34,98.7,28,1,4.2,7,169,113,5.7,8.5,1.4
Danny Amendola,4717,WR,NE,12,10.0,0,82.1,66.7,2,3,0,0.0,0,14,19,1,84.9,46.9,65.3,,65.1,0.5,1,0,32,0.0,0,209,1,23,92.3,193,90.0,188,142.4,28,4,9.1,19,243,70,3.0,10.6,1.26
Damien Williams,9205,HB,MIA,15,3.4,8,82.1,,0,0,1,0.0,0,10,17,1,85.3,48.0,76.4,62.3,81.7,0.9,1,0,58,12.0,14,117,1,23,86.3,101,6.0,7,139.4,28,3,15.4,18,249,216,9.4,10.8,2.47
Braxton Miller,10719,WR,HST,10,7.6,3,55.6,,0,0,0,11.8,2,6,13,0,52.8,76.7,50.8,,50.9,0.0,0,2,12,0.0,0,242,0,15,95.5,231,66.5,161,45.1,27,1,33.1,80,99,52,3.5,6.6,0.43
Christine Michael,7843,HB,GB,15,0.3,3,81.5,50.0,1,2,0,8.3,2,4,12,1,60.9,56.9,59.5,75.8,44.4,0.0,0,0,13,24.1,55,228,1,22,72.4,165,3.1,7,95.5,27,1,11.0,25,107,123,5.6,4.9,0.65
Rod Streater,7416,WR,SF,16,8.2,1,66.7,,0,0,0,10.0,2,13,28,0,57.1,74.1,65.3,,63.9,0.0,0,0,25,0.0,0,166,0,18,95.8,159,21.7,36,111.8,27,2,78.3,130,191,80,4.4,10.6,1.2
DeAngelo Williams,2972,HB,PIT,8,0.2,6,69.2,60.0,3,5,0,14.3,3,6,25,0,55.9,88.1,65.0,67.3,53.6,0.0,0,0,20,11.9,19,159,0,18,85.5,136,9.4,15,104.3,26,2,7.5,12,118,121,6.7,6.6,0.87
Cody Core,10833,WR,CIN,8,7.5,1,65.4,,0,0,0,5.6,1,7,7,0,68.0,73.6,60.7,,60.3,0.0,0,0,50,0.0,0,138,0,17,97.8,135,7.2,10,88.6,26,0,92.8,128,200,118,6.9,11.8,1.48
Chris Ivory,6007,HB,JAX,11,0.4,3,76.9,,0,0,0,9.1,2,9,15,0,70.5,24.8,53.3,54.1,66.0,3.4,6,0,37,12.1,21,174,1,20,80.5,140,0.6,1,96.0,26,0,4.6,8,186,185,9.3,9.3,1.33
Justin Forsett,4547,HB,DEN,9,0.1,0,76.9,100.0,1,1,0,4.8,1,4,10,0,60.3,42.4,53.2,66.0,54.5,0.0,0,1,11,16.3,27,166,0,20,78.3,130,1.8,3,63.8,26,0,3.0,5,85,98,4.9,4.3,0.65
Tyler Higbee,10744,TE,LA,16,6.9,0,42.3,0.0,0,3,0,21.4,3,3,26,0,29.9,71.5,45.3,74.8,39.0,68.4,158,1,31,13.4,31,231,3,11,82.7,191,19.9,46,47.8,26,1,11.7,27,85,24,2.2,7.7,0.45
Josh Ferguson,10907,HB,IND,10,-0.8,3,80.0,0.0,0,1,0,13.0,3,5,14,0,46.6,79.9,49.2,22.2,55.0,0.9,1,0,14,11.0,12,109,0,20,85.3,93,7.3,8,89.3,25,0,12.8,14,136,161,8.1,6.8,1.46
Austin Hooper,10715,TE,ATL,14,9.9,0,76.0,100.0,1,1,0,13.6,3,16,2,0,46.8,76.0,62.9,87.4,61.7,66.9,166,0,44,11.3,28,248,1,19,81.9,203,19.8,49,150.2,25,3,10.1,25,271,88,4.6,14.3,1.33
Jeremy Hill,8690,HB,CIN,15,-0.2,3,84.0,,0,0,0,0.0,0,6,7,0,84.5,90.9,63.4,40.3,64.1,1.0,2,0,25,17.9,36,201,1,21,79.6,160,3.0,6,95.7,25,0,4.0,8,174,169,8.0,8.3,1.09
Andre Roberts,5612,WR,DET,16,14.7,0,56.0,100.0,1,1,0,6.7,1,9,11,0,64.4,63.5,60.5,,61.9,0.0,0,0,44,0.0,0,182,0,14,94.0,171,40.1,73,93.4,25,1,59.3,108,188,60,4.3,13.4,1.1
James Starks,5716,HB,GB,9,-1.8,2,79.2,,0,0,0,9.5,2,4,12,1,57.1,58.0,50.5,71.1,41.6,0.0,0,0,31,20.4,39,191,0,19,73.3,140,2.6,5,117.7,24,2,1.6,3,134,169,8.9,7.1,0.96
Jaron Brown,8128,WR,ARZ,6,13.8,1,45.8,60.0,3,5,0,0.0,0,5,1,0,78.7,71.5,66.1,85.3,64.1,0.8,1,2,51,1.7,2,119,0,11,94.1,112,26.1,31,51.9,24,1,73.1,87,187,55,5.0,17.0,1.67
Mychal Rivera,7965,TE,OAK,13,9.0,0,75.0,,0,0,0,10.0,2,11,23,0,55.9,73.9,64.4,81.0,63.1,32.1,62,1,27,6.7,13,193,0,18,90.2,174,50.8,98,94.4,24,1,13.0,25,192,61,3.4,10.7,1.1
Ben Koyack,9662,TE,JAX,12,6.3,0,79.2,,0,0,0,5.0,1,10,15,0,69.9,74.1,61.9,76.2,56.5,76.6,144,0,17,16.0,30,188,0,19,78.2,147,18.1,34,108.5,24,1,5.3,10,161,50,2.6,8.5,1.1
Cecil Shorts,6266,WR,TB,9,16.3,0,45.8,,0,0,0,8.3,1,8,30,0,60.6,72.4,60.7,,60.3,0.0,0,1,22,0.0,0,181,0,11,89.5,162,28.2,51,49.3,24,0,71.8,130,152,24,2.2,13.8,0.94
Jeremy Langford,9539,HB,CHI,12,0.8,1,79.2,0.0,0,1,0,9.5,2,7,6,0,58.3,30.0,54.4,77.1,59.3,0.0,0,0,19,20.4,37,181,0,19,74.6,135,3.3,6,91.3,24,0,2.2,4,142,138,7.3,7.5,1.05
Jordan Taylor,9793,WR,DEN,16,11.5,2,66.7,,0,0,0,5.9,1,10,10,1,67.0,22.8,62.1,,62.1,0.0,0,1,35,0.0,0,178,0,16,95.5,170,43.3,77,104.3,24,2,56.7,101,209,79,4.9,13.1,1.23
Andre Holmes,6489,WR,OAK,16,10.3,2,60.9,0.0,0,1,1,6.7,1,9,23,0,64.7,72.7,71.1,,69.7,3.1,4,0,23,0.0,0,131,1,14,91.6,120,43.5,57,115.2,23,3,53.4,70,126,29,2.1,9.0,1.05
Bobby Rainey Jr.,7511,HB,NYG,11,-0.3,7,87.0,0.0,0,1,0,0.0,0,7,21,0,83.6,82.7,74.2,83.8,84.3,0.0,0,0,24,17.7,22,124,0,20,78.2,97,0.8,1,94.4,23,0,2.4,3,153,181,9.1,7.7,1.58
Tim Hightower,4463,HB,NO,14,-0.5,4,95.7,,0,0,0,0.0,0,11,20,0,72.1,90.1,55.0,53.4,71.5,0.8,1,0,50,18.8,25,133,0,22,76.7,102,2.3,3,117.4,23,1,4.5,6,200,211,9.6,9.1,1.96
Walter Powell,8831,WR,BUF,9,11.4,1,60.9,100.0,1,1,1,17.6,3,7,4,0,38.1,73.8,57.5,66.2,58.4,0.0,0,0,35,0.5,1,191,3,14,91.1,174,29.3,56,78.5,23,0,70.7,135,142,41,2.9,10.1,0.82
Jaelen Strong,9503,WR,HST,8,8.5,0,60.9,100.0,1,1,0,6.7,1,4,13,0,64.7,72.7,55.1,,53.7,0.0,0,1,36,0.0,0,202,1,14,94.6,191,68.3,138,58.4,23,0,31.7,64,131,26,1.9,9.4,0.69
Justin Hunter,7815,WR,BUF,13,15.7,0,43.5,,0,0,0,9.1,1,10,4,0,58.9,71.1,62.3,,61.6,0.0,0,1,64,0.0,0,205,0,10,91.2,187,26.8,55,94.0,23,4,73.2,150,189,27,2.7,18.9,1.01
DeAndre Washington,10777,HB,OAK,14,0.0,1,77.3,,0,0,0,5.6,1,4,23,0,67.7,64.4,67.4,81.0,56.8,0.0,0,1,18,13.3,19,143,0,17,81.8,117,5.6,8,69.3,22,0,11.9,17,115,119,7.0,6.8,0.98
Lance Dunbar,7332,HB,DAL,13,1.7,2,72.7,0.0,0,1,1,11.1,2,5,9,1,54.8,28.0,55.2,22.8,57.0,1.6,2,0,16,18.1,23,127,1,16,78.0,99,18.1,23,85.8,22,0,9.4,12,122,88,5.5,7.6,1.23
Dion Lewis,6301,HB,NE,7,4.0,5,77.3,,0,0,0,5.6,1,4,19,0,67.7,85.7,69.9,54.4,71.7,0.0,0,0,16,17.0,16,94,0,17,79.8,75,1.1,1,84.3,22,0,24.5,23,94,80,4.7,5.5,1.25
Jalin Marshall,11259,WR,NYJ,10,9.2,2,66.7,0.0,0,1,0,6.7,1,9,22,1,64.4,28.3,65.7,,64.6,0.0,0,1,27,0.0,0,115,0,14,93.0,107,59.1,68,101.7,21,2,40.9,47,162,46,3.3,11.6,1.51
Erik Swoope,9303,TE,IND,16,11.9,0,71.4,,0,0,0,11.8,2,12,14,0,51.2,73.0,74.3,77.3,79.5,44.2,50,0,45,9.7,11,113,1,15,84.1,95,33.6,38,129.6,21,1,17.7,20,297,131,8.7,19.8,3.13
Xavier Grimble,9092,TE,PIT,11,7.0,1,52.4,100.0,1,1,1,15.4,2,8,25,0,61.8,71.9,60.8,56.8,60.8,54.4,81,0,20,6.7,10,149,3,11,84.6,126,38.3,57,100.9,21,2,7.4,11,118,38,3.5,10.7,0.94
Harry Douglas,4398,WR,TEN,10,10.4,3,71.4,,0,0,0,0.0,0,10,31,0,81.7,73.3,66.3,,66.6,0.0,0,1,35,0.0,0,167,1,15,94.0,157,71.3,119,83.4,21,0,28.7,48,210,59,3.9,14.0,1.34
Zach Zenner,9761,HB,DET,10,-0.5,3,85.7,,0,0,0,0.0,0,9,11,0,82.7,64.5,63.0,64.4,69.1,0.0,0,0,33,29.8,59,198,1,18,67.7,134,0.5,1,105.6,21,0,3.5,7,196,199,11.1,10.9,1.46
Larry Donnell,7638,TE,NYG,8,5.4,0,71.4,66.7,2,3,0,11.8,2,3,21,1,51.5,22.4,42.1,77.9,41.9,79.9,107,1,15,12.7,17,134,2,15,81.3,109,11.2,15,75.9,21,1,2.2,3,92,41,2.7,6.1,0.84
Josh Huff,8721,WR,TB,10,3.0,5,76.2,100.0,1,1,0,5.9,1,6,30,0,54.5,80.3,63.6,,65.0,0.0,0,0,17,0.0,0,91,0,16,91.2,83,52.7,48,103.9,21,1,45.1,41,113,123,7.7,7.1,1.36
Andre Johnson,1319,WR,TEN,8,12.8,0,42.9,33.3,2,6,0,10.0,1,4,31,0,60.2,71.5,55.0,,52.8,0.0,0,0,20,0.0,0,115,2,9,88.7,102,27.0,31,86.4,21,2,73.0,84,85,15,1.7,9.4,0.83
Austin Seferian-Jenkins,8673,TE,NYJ,9,10.0,1,61.9,100.0,1,1,1,13.3,2,9,22,0,48.0,72.3,62.1,78.5,67.5,41.3,52,1,30,9.5,12,126,2,13,85.7,108,42.1,53,80.3,21,1,16.7,21,154,29,2.2,11.8,1.43
Bennie Fowler,8914,WR,DEN,13,11.5,0,52.4,0.0,0,1,0,15.4,2,5,10,0,43.8,71.5,53.2,,53.4,0.0,0,0,76,0.0,0,159,1,11,96.2,153,61.6,98,106.3,21,2,38.4,61,145,67,6.1,13.2,0.95
C.J. Anderson,8101,HB,DEN,7,1.4,5,80.0,,0,0,0,11.1,2,6,10,0,54.5,89.1,61.9,83.0,62.5,0.0,0,0,25,16.7,32,192,0,16,76.0,146,4.2,8,110.0,20,1,1.0,2,128,117,7.3,8.0,0.88
Daniel Brown,10144,TE,CHI,6,6.6,0,80.0,,0,0,1,5.9,1,8,6,0,67.0,73.3,59.6,29.5,61.0,67.6,123,1,12,11.5,21,182,1,16,83.0,151,29.1,53,88.3,20,1,2.7,5,124,45,2.8,7.8,0.82
Benny Cunningham,8283,HB,LA,11,1.0,4,80.0,,0,0,1,11.1,2,5,26,0,53.1,51.5,58.3,80.8,57.2,0.0,0,0,12,20.6,32,155,1,16,74.8,116,3.9,6,85.6,20,0,3.9,6,91,81,5.1,5.7,0.78
Geronimo Allison,11141,WR,GB,10,14.5,1,60.0,,0,0,1,0.0,0,11,12,0,79.4,71.9,69.0,,70.7,0.0,0,0,39,0.0,0,142,1,12,95.1,135,62.7,89,127.5,20,2,37.3,53,202,51,4.3,16.8,1.5
Rex Burkhead,7971,HB,CIN,11,0.2,4,85.0,,0,0,0,0.0,0,8,7,1,82.9,62.3,75.9,73.7,67.5,1.9,3,0,18,29.4,47,160,0,17,67.5,108,3.1,5,96.9,20,0,3.8,6,145,149,8.8,8.5,1.34
Paul Perkins,10783,HB,NYG,13,0.6,6,75.0,,0,0,0,6.3,1,6,21,0,66.7,69.9,63.6,64.7,62.2,0.0,0,0,67,18.1,31,171,2,15,77.2,132,1.2,2,98.3,20,0,4.1,7,162,179,11.9,10.8,1.23
Eric Decker,5611,WR,NYJ,3,17.1,0,45.0,33.3,1,3,1,10.0,1,9,22,0,58.9,71.1,71.5,,70.1,0.0,0,1,35,0.0,0,131,2,9,92.4,121,61.1,80,92.5,20,2,38.9,51,194,31,3.4,21.6,1.6
Jerell Adams,10818,TE,NYG,12,6.3,2,80.0,,0,0,0,0.0,0,8,21,1,81.7,22.8,55.1,74.4,55.9,76.6,95,0,14,7.3,9,124,1,16,88.7,110,18.5,23,108.8,20,1,4.0,5,122,73,4.6,7.6,1.11
Luke Willson,7940,TE,SEA,11,6.6,0,78.9,33.3,1,3,0,0.0,0,7,29,0,81.1,74.3,64.1,62.9,61.8,64.2,120,1,19,21.4,40,187,3,15,74.9,140,16.0,30,108.1,19,2,12.8,24,129,74,4.9,8.6,0.92
A.J. Derby,9635,TE,DEN,7,6.8,0,84.2,,0,0,0,5.9,1,7,10,1,66.7,22.8,58.5,77.7,55.9,77.1,108,0,17,6.4,9,140,2,16,93.6,131,10.7,15,101.8,19,0,11.4,16,160,53,3.3,10.0,1.22
Roger Lewis Jr.,11246,WR,NYG,11,19.3,0,36.8,,0,0,0,22.2,2,4,21,0,28.4,69.5,51.7,,50.9,0.0,0,1,30,0.0,0,131,0,7,96.9,127,3.8,5,67.2,19,2,96.2,126,97,2,0.3,13.9,0.76
Josh Hill,8200,TE,NO,9,6.7,1,78.9,,0,0,0,11.8,2,5,20,0,51.2,73.0,57.9,68.0,53.6,66.7,122,0,35,22.4,41,183,0,15,73.8,135,17.5,32,116.9,19,1,13.7,25,149,80,5.3,9.9,1.1
Shane Vereen,6208,HB,NYG,5,2.3,5,57.9,,0,0,0,21.4,3,4,21,1,34.1,20.6,40.2,49.4,27.6,0.0,0,1,16,21.7,18,83,0,11,73.5,61,1.2,1,49.0,19,0,2.4,2,94,92,8.4,8.5,1.54
James Wright,8873,WR,CIN,12,10.8,3,68.4,,0,0,1,7.1,1,7,7,0,64.7,73.6,65.2,,64.9,0.0,0,0,15,0.0,0,120,1,13,95.0,114,12.5,15,82.3,19,0,87.5,105,106,38,2.9,8.2,0.93
Pharoh Cooper,10751,WR,LA,10,4.1,3,73.7,,0,0,0,12.5,2,4,26,0,50.1,81.9,52.8,,54.4,5.7,8,2,23,0.0,0,140,0,14,92.9,130,75.7,106,47.1,19,0,17.1,24,106,72,5.1,7.6,0.82
Darrius Heyward-Bey,4930,WR,PIT,9,21.6,0,31.6,0.0,0,1,0,25.0,2,4,25,0,31.8,70.3,55.6,66.6,51.2,0.6,1,1,46,0.6,1,154,1,6,93.5,144,48.1,74,66.6,19,2,51.3,79,114,21,3.5,19.0,0.79
Levine Toilolo,7915,TE,ATL,16,9.2,0,72.2,0.0,0,1,0,0.0,0,11,2,0,81.4,73.6,67.6,63.6,63.7,87.2,245,0,46,35.9,101,281,2,13,61.6,173,4.3,12,151.4,18,2,4.3,12,264,145,11.2,20.3,1.53
C.J. Prosise,10724,HB,SEA,6,4.9,0,94.4,,0,0,0,5.6,1,8,29,0,68.7,81.4,70.7,57.3,83.9,0.0,0,0,43,22.1,25,113,0,17,72.6,82,5.3,6,114.8,18,0,8.8,10,208,124,7.3,12.2,2.54
Ryan Grant,8777,WR,WAS,15,11.3,1,50.0,0.0,0,1,0,10.0,1,6,32,0,60.2,72.4,54.3,,54.2,1.6,2,0,17,0.0,0,128,1,9,93.8,120,29.7,38,61.3,18,0,68.8,88,76,26,2.9,8.4,0.63
Christopher Harper,9950,WR,SF,9,6.4,0,72.2,,0,0,0,7.1,1,6,28,0,63.2,72.3,60.4,,58.8,0.0,0,0,19,0.0,0,133,1,13,96.2,128,21.8,29,93.1,18,0,78.2,104,133,52,4.0,10.2,1.04
Thomas Rawls,9993,HB,SEA,9,0.0,2,76.5,,0,0,0,7.1,1,4,29,0,63.2,88.8,66.8,86.0,59.1,1.2,2,0,20,30.8,53,172,0,13,63.4,109,1.2,2,89.3,17,0,4.7,8,96,88,6.8,7.4,0.88
Darren Fells,8549,TE,ARZ,14,5.9,5,82.4,100.0,1,1,0,6.7,1,7,1,0,51.5,73.0,63.0,80.1,52.5,78.7,163,0,37,18.4,38,207,0,14,75.8,157,15.5,32,124.0,17,1,1.4,3,154,85,6.1,11.0,0.98
Jonathan Grimes,7585,HB,HST,9,1.1,3,76.5,,0,0,0,7.1,1,4,13,0,64.4,79.6,62.9,81.8,58.4,0.0,0,0,15,21.2,32,151,0,13,72.8,110,4.0,6,88.8,17,0,2.6,4,94,80,6.2,7.2,0.85
Brent Celek,3778,TE,PHI,16,5.5,2,82.4,100.0,2,2,1,6.7,1,7,24,1,67.5,23.4,65.4,63.4,61.8,74.2,141,1,24,29.5,56,190,2,14,66.3,126,22.6,43,80.1,17,0,2.1,4,155,93,6.6,11.1,1.23
Rob Kelley,11090,HB,WAS,12,0.8,4,70.6,,0,0,1,25.0,4,6,32,0,27.6,90.4,59.7,55.9,31.2,0.0,0,0,22,24.7,38,154,1,12,71.4,110,2.6,4,100.6,17,1,1.3,2,82,75,6.3,6.8,0.75
Jeff Janis,8870,WR,GB,10,10.7,0,64.7,,0,0,0,8.3,1,4,12,0,60.2,76.3,53.1,43.3,52.9,0.0,0,0,25,0.0,0,159,2,11,96.2,153,30.8,49,98.4,17,1,69.2,110,93,34,3.1,8.5,0.61
Ed Dickson,5595,TE,CAR,16,10.1,2,58.8,100.0,1,1,0,23.1,3,7,5,0,29.8,71.5,62.5,66.2,54.5,41.3,104,2,28,41.3,104,252,3,10,54.8,138,36.1,91,64.0,17,1,8.3,21,134,71,7.1,13.4,0.97
John Kuhn,2686,FB,NO,16,1.3,1,94.1,,0,0,0,5.9,1,5,20,0,66.7,78.8,64.6,83.8,55.5,20.0,34,0,11,33.5,57,170,3,16,61.8,105,0.6,1,103.4,17,1,11.8,20,70,51,3.2,4.4,0.67
Chris Moore,10741,WR,BLT,11,8.9,1,43.8,50.0,1,2,0,22.2,2,2,3,0,35.3,24.7,50.3,,52.8,0.0,0,0,13,0.0,0,101,0,7,93.1,94,53.5,54,51.0,16,0,46.5,47,46,17,2.4,6.6,0.49
Neal Sterling,9653,TE,JAX,6,7.4,0,75.0,,0,0,0,7.7,1,6,15,0,62.1,71.9,59.0,77.1,63.0,65.3,77,0,17,15.3,18,118,2,12,80.5,95,28.0,33,93.2,16,0,6.8,8,110,52,4.3,9.2,1.16
Marquess Wilson,8019,WR,CHI,3,18.3,0,56.3,,0,0,0,18.2,2,8,6,0,38.7,70.6,74.6,,72.4,0.0,0,1,35,0.0,0,68,0,9,92.6,63,10.3,7,85.4,16,1,89.7,61,160,45,5.0,17.8,2.54
Jonathan Stewart,4327,HB,CAR,13,-0.1,2,50.0,,0,0,0,33.3,4,1,5,0,28.1,55.4,63.0,84.8,40.0,0.0,0,0,25,32.9,94,286,0,8,62.6,179,6.6,19,59.4,16,0,5.2,15,60,72,9.0,7.5,0.34
Doug Martin,7035,HB,TB,8,1.8,1,87.5,,0,0,0,6.7,1,4,30,0,66.1,73.8,61.7,82.7,58.9,0.0,0,0,27,28.9,46,159,1,14,66.7,106,1.9,3,101.6,16,0,1.9,3,134,107,7.6,9.6,1.26
Andre Ellington,7968,HB,ARZ,16,1.6,0,75.0,,0,0,0,0.0,0,4,1,0,80.0,83.5,64.8,73.3,74.4,0.0,0,0,16,15.2,16,105,0,12,78.1,82,17.1,18,86.7,16,0,14.3,15,85,71,5.9,7.1,1.04
MarQueis Gray,8286,TE,MIA,14,5.8,0,87.5,,0,0,0,6.7,1,7,17,0,64.7,73.4,70.7,68.0,73.7,66.1,72,0,53,22.0,24,109,0,14,74.3,81,19.3,21,112.0,16,0,7.3,8,174,83,5.9,12.4,2.15
Jacquizz Rodgers,6297,HB,TB,10,0.1,4,86.7,100.0,1,1,0,0.0,0,3,30,0,80.6,89.9,72.8,67.7,62.5,0.0,0,0,21,25.0,51,204,0,13,69.6,142,1.0,2,93.9,15,0,1.5,3,98,93,7.2,7.5,0.69
Mike Tolbert,4740,FB,CAR,16,-0.3,0,66.7,,0,0,0,23.1,3,4,5,0,43.5,81.4,53.9,85.7,52.4,9.6,14,2,17,30.8,45,146,0,10,64.4,94,12.3,18,60.3,15,1,0.7,1,72,85,8.5,7.2,0.77
Kenneth Farrow,10988,HB,SD,9,-1.3,2,86.7,,0,0,0,7.1,1,2,27,1,63.2,29.0,42.8,64.5,41.9,0.0,0,0,16,21.7,26,120,0,13,75.8,91,0.8,1,86.1,15,0,2.5,3,70,92,7.1,5.4,0.77
Stephen Anderson,11160,TE,HST,13,5.3,0,73.3,100.0,2,2,0,8.3,1,6,13,0,60.2,71.5,64.1,,61.4,11.0,10,0,14,0.0,0,91,0,11,92.3,84,71.4,65,111.3,15,1,17.6,16,93,39,3.5,8.5,1.11
Alfred Blue,8816,HB,HST,13,2.2,0,80.0,,0,0,0,0.0,0,1,13,0,79.4,44.9,64.2,73.9,63.0,0.0,0,0,12,26.0,33,127,0,12,70.1,89,0.0,0,79.2,15,0,2.4,3,40,27,2.3,3.3,0.45
Darren Waller,9637,TE,BLT,12,8.9,2,66.7,,0,0,0,16.7,2,7,3,0,41.8,71.1,52.8,61.7,55.0,43.0,58,0,15,15.6,21,135,0,10,81.5,110,39.3,53,120.8,15,2,17.0,23,85,42,4.2,8.5,0.77
Crockett Gillmore,8734,TE,BLT,7,7.1,0,57.1,100.0,1,1,0,0.0,0,5,3,0,76.5,70.1,63.4,64.5,54.9,80.6,108,0,22,29.9,40,134,1,8,67.2,90,15.7,21,94.6,14,1,2.2,3,71,32,4.0,8.9,0.79
Brandon Myers,5126,TE,TB,16,8.6,0,50.0,,0,0,0,12.5,1,4,30,0,56.7,70.6,52.2,73.8,50.5,64.6,133,0,12,26.2,54,206,2,7,67.5,139,24.8,51,85.1,14,1,5.8,12,59,14,2.0,8.4,0.42
Brittan Golden,7481,WR,ARZ,8,11.9,0,57.1,,0,0,0,11.1,1,4,1,1,54.9,28.6,58.0,,55.7,2.8,3,1,22,0.0,0,109,0,8,95.4,104,37.6,41,68.2,14,1,59.6,65,82,15,1.9,10.3,0.79
Cody Latimer,8691,WR,DEN,11,13.1,1,57.1,0.0,0,2,0,0.0,0,6,10,0,76.5,76.1,60.5,,58.4,0.8,1,1,16,0.0,0,133,0,8,94.0,125,36.1,48,42.6,14,0,62.4,83,76,23,2.9,9.5,0.61
Jarius Wright,7118,WR,MIN,8,4.4,2,78.6,,0,0,0,8.3,1,5,18,0,61.8,71.9,61.1,,60.8,2.7,2,0,11,0.0,0,75,0,11,96.0,72,60.0,45,110.4,14,1,36.0,27,67,39,3.5,6.1,0.93
Jamize Olawale,7572,FB,OAK,16,4.9,4,85.7,,0,0,0,0.0,0,5,23,0,79.4,78.1,59.7,85.6,60.4,7.6,11,0,75,22.8,33,145,0,12,73.1,106,20.0,29,142.6,14,1,13.8,20,227,172,14.3,18.9,2.14
Aaron Burbridge,10847,WR,SF,14,9.4,1,50.0,100.0,1,1,0,12.5,1,5,28,0,52.1,80.4,55.5,,56.7,0.0,0,0,24,0.0,0,139,1,7,92.8,129,20.1,28,69.9,14,0,79.9,111,88,42,6.0,12.6,0.68
Ryan Mathews,5537,HB,PHI,13,0.3,2,92.9,,0,0,0,7.1,1,7,24,0,63.5,43.2,62.7,57.3,63.9,0.0,0,0,27,22.0,26,118,0,13,77.1,91,0.8,1,124.7,14,1,4.2,5,115,112,8.6,8.8,1.26
Derrick Henry,10679,HB,TEN,15,0.6,12,92.9,,0,0,0,7.1,1,6,31,0,63.2,89.0,67.0,81.4,68.1,2.3,3,0,29,31.5,41,130,0,13,63.8,83,0.8,1,107.4,14,0,3.8,5,137,131,10.1,10.5,1.65
T.J. Jones,8824,WR,DET,3,12.5,0,38.5,,0,0,0,28.6,2,2,11,0,29.2,68.0,59.9,,59.5,0.0,0,1,36,0.0,0,38,0,5,94.7,36,21.1,8,31.9,13,0,78.9,30,93,28,5.6,18.6,2.58
Paul Turner,11082,WR,PHI,4,9.2,1,69.2,,0,0,0,10.0,1,6,24,0,57.0,71.6,61.2,,60.1,0.0,0,0,41,0.0,0,112,0,9,99.1,111,53.6,60,100.2,13,0,46.4,52,126,54,6.0,14.0,1.14
John Phillips,5132,TE,NO,16,7.4,0,76.9,,0,0,1,0.0,0,4,20,0,78.0,71.1,59.9,68.1,53.8,73.3,132,0,16,35.0,63,180,3,10,61.7,111,20.0,36,114.9,13,1,6.1,11,72,21,2.1,7.2,0.65
Nick O'Leary,9627,TE,BUF,16,9.0,2,69.2,,0,0,0,10.0,1,5,4,0,58.5,72.0,66.1,55.9,47.9,72.2,151,0,28,18.7,39,209,1,9,74.6,156,23.0,48,96.3,13,0,3.3,7,114,45,5.0,12.7,0.73
Dwayne Washington,10870,HB,DET,10,-1.2,2,76.9,,0,0,0,16.7,2,5,11,0,41.4,87.6,52.8,55.2,50.6,0.0,0,0,11,17.2,22,128,1,10,78.1,100,0.0,0,86.1,13,0,3.9,5,62,74,7.4,6.2,0.62
Jeff Heuerman,9525,TE,DEN,12,8.8,2,69.2,100.0,1,1,0,0.0,0,7,10,0,77.3,70.6,75.2,69.1,75.8,82.3,107,0,31,21.5,28,130,1,9,69.2,90,13.1,17,105.0,13,0,4.6,6,141,68,7.6,15.7,1.57
De'Marcus Ayers,10863,WR,PIT,2,10.3,1,50.0,,0,0,0,14.3,1,3,25,0,52.1,71.1,64.3,,65.8,0.0,0,0,15,0.0,0,53,0,6,92.5,49,7.5,4,89.9,12,1,92.5,49,53,31,5.2,8.8,1.08
C.J. Spiller,5534,HB,NYJ,6,5.8,0,50.0,100.0,2,2,0,45.5,5,2,22,1,25.9,77.1,34.0,82.4,27.6,2.3,1,0,24,11.4,5,44,0,6,88.6,39,13.6,6,88.9,12,1,15.9,7,50,27,4.5,8.3,1.28
Seth DeValve,10772,TE,CLV,12,8.2,3,83.3,,0,0,0,0.0,0,7,8,0,78.0,80.0,75.7,76.6,77.5,63.5,40,0,25,9.5,6,63,1,10,87.3,55,25.4,16,150.3,12,2,9.5,6,127,46,4.6,12.7,2.31
Rashard Higgins,10806,WR,CLV,15,11.1,1,50.0,,0,0,1,0.0,0,5,8,0,52.1,69.5,61.5,,60.3,0.0,0,2,19,0.0,0,112,1,6,97.3,109,38.4,43,30.9,12,0,61.6,69,77,32,5.3,12.8,0.71
Keith Mumphery,9608,WR,HST,10,5.1,0,83.3,,0,0,0,0.0,0,2,13,0,78.0,71.1,51.0,,49.7,0.5,1,0,11,0.0,0,197,1,10,91.4,180,62.4,123,90.6,12,0,37.1,73,69,25,2.5,6.9,0.38
Wendell Smallwood,10787,HB,PHI,11,0.6,1,50.0,,0,0,0,14.3,1,1,24,0,49.7,62.0,45.0,56.6,47.5,0.0,0,1,18,14.5,12,83,1,6,79.5,66,3.6,3,28.1,12,0,3.6,3,55,51,8.5,9.2,0.83
Tyler Kroft,9518,TE,CIN,14,7.8,0,83.3,,0,0,0,9.1,1,3,7,0,58.5,71.1,56.6,62.5,48.3,74.9,125,1,21,29.9,50,167,0,10,67.1,112,16.2,27,63.9,12,0,6.0,10,92,29,2.9,9.2,0.82
Anthony Fasano,2998,TE,TEN,16,8.0,0,66.7,,0,0,0,0.0,0,6,31,0,76.5,70.1,78.6,77.9,53.6,66.7,130,0,17,34.9,68,195,3,8,59.5,116,24.6,48,126.0,12,2,4.6,9,83,39,4.9,10.4,0.72
Bryce Treggs,11278,WR,PHI,8,28.5,0,25.0,,0,0,0,0.0,0,3,24,0,70.5,68.7,57.2,,56.9,0.0,0,2,58,0.0,0,88,0,3,96.6,85,19.3,17,15.3,12,0,80.7,71,80,16,5.3,26.7,0.94
Jordan Cameron,6254,TE,MIA,3,7.7,0,72.7,100.0,1,1,0,11.1,1,3,17,0,54.9,70.1,60.5,76.3,59.9,80.9,55,0,13,8.8,6,68,0,8,89.7,61,10.3,7,115.7,11,1,7.4,5,60,31,3.9,7.5,0.98
Alex Collins,10805,HB,SEA,10,0.0,2,100.0,,0,0,0,0.0,0,6,29,0,79.6,26.0,61.9,66.6,73.1,0.0,0,0,14,27.7,26,94,0,11,70.2,66,1.1,1,98.5,11,0,7.4,7,84,84,7.6,7.6,1.27
Maurice Harris,11035,WR,WAS,10,9.2,0,72.7,,0,0,0,0.0,0,4,32,0,76.5,72.9,68.5,36.3,65.1,1.4,1,1,15,1.4,1,70,0,8,97.1,68,20.0,14,49.8,11,0,78.6,55,66,8,1.0,8.3,0.97
Mike Gillislee,7946,HB,BUF,15,0.5,3,81.8,100.0,1,1,0,0.0,0,1,4,0,78.0,66.5,79.2,54.0,58.2,5.9,9,0,18,28.8,44,153,0,9,68.0,104,1.3,2,115.9,11,1,2.0,3,50,45,5.0,5.6,0.48
Rhett Ellison,7128,TE,MIN,15,4.7,0,81.8,,0,0,0,0.0,0,2,18,0,78.0,71.7,69.3,77.5,55.2,77.1,91,0,21,34.7,41,118,1,9,62.7,74,11.0,13,88.3,11,0,1.7,2,57,34,3.8,6.3,0.77
Brandon Tate,5006,WR,BUF,11,7.8,0,72.7,,0,0,0,20.0,2,6,4,0,28.8,89.6,57.2,,56.9,0.0,0,0,34,0.0,0,100,1,8,94.0,94,73.0,73,107.0,11,0,25.0,25,117,51,6.4,14.6,1.24
Ronnie Hillman,7069,HB,SD,8,-2.0,0,63.6,,0,0,0,12.5,1,3,27,0,52.5,82.1,56.5,25.6,51.1,0.0,0,0,32,22.2,20,90,0,7,75.6,68,3.3,3,90.3,11,0,11.1,10,93,101,14.4,13.3,1.37
Tanner McEvoy,11288,WR,SEA,12,12.0,0,81.8,,0,0,0,10.0,1,7,29,0,56.7,71.1,75.6,74.3,71.3,7.1,4,1,42,5.4,3,56,0,9,91.1,51,28.6,16,120.5,11,2,62.5,35,140,27,3.0,15.6,2.75
Arrelious Benn,5564,WR,JAX,12,11.8,2,50.0,,0,0,0,28.6,2,3,15,0,29.2,71.8,64.6,,62.2,9.1,5,0,51,0.0,0,55,0,5,92.7,51,9.1,5,125.4,10,1,81.8,45,116,54,10.8,23.2,2.27
Brandon Bostick,7605,TE,NYJ,16,2.8,1,80.0,,0,0,0,20.0,2,2,22,0,36.0,70.1,57.4,71.2,51.6,59.8,64,0,14,30.8,33,107,0,8,67.3,72,9.3,10,92.9,10,0,3.7,4,63,38,4.8,7.9,0.88
Kenyan Drake,10707,HB,MIA,14,-2.0,2,90.0,,0,0,0,10.0,1,2,17,0,56.7,86.1,68.9,84.4,56.2,0.0,0,0,9,8.3,6,72,0,9,83.3,60,4.2,3,85.8,10,0,13.9,10,46,69,7.7,5.1,0.77
Dominique Jones,6988,TE,MIA,8,3.1,1,70.0,,0,0,0,12.5,1,3,17,0,54.5,70.1,81.0,66.4,78.5,68.3,28,0,24,34.1,14,41,0,7,58.5,24,14.6,6,119.2,10,1,12.2,5,61,44,6.3,8.7,2.54
Freddie Martino,9292,WR,TB,13,13.2,1,80.0,,0,0,0,0.0,0,5,30,0,76.5,70.1,66.2,,66.9,1.0,1,0,43,0.0,0,97,0,8,88.7,86,17.5,17,152.1,10,1,81.4,79,142,30,3.8,17.8,1.65
Reggie Bush,2947,HB,BUF,11,8.3,3,70.0,,0,0,0,0.0,0,6,4,0,78.0,29.0,66.6,83.2,90.7,5.6,3,0,25,11.1,6,54,0,7,79.6,43,11.1,6,97.9,10,0,16.7,9,90,42,6.0,12.9,2.09
Aaron Ripkowski,9639,FB,GB,14,1.8,3,90.0,,0,0,0,0.0,0,2,12,0,78.0,81.3,69.9,70.8,62.7,0.0,0,0,9,31.4,44,140,0,9,65.7,92,1.4,2,119.2,10,1,3.6,5,46,31,3.4,5.1,0.5
Patrick DiMarco,6997,FB,ATL,16,1.9,0,70.0,,0,0,0,0.0,0,3,2,0,75.6,70.6,71.4,50.4,53.3,0.0,0,0,18,23.4,34,145,1,7,75.2,109,1.4,2,115.4,10,1,9.7,14,52,31,4.4,7.4,0.48
Dexter McCluster,5561,HB,SD,6,1.6,2,70.0,100.0,1,1,0,12.5,1,2,27,0,54.9,81.2,64.7,76.2,72.2,0.0,0,1,10,5.6,2,36,0,7,91.7,33,5.6,2,35.8,10,0,25.0,9,36,41,5.9,5.1,1.09
Mike Thomas,10840,WR,LA,14,13.6,1,33.3,0.0,0,1,0,40.0,2,2,26,0,28.0,75.0,51.6,,47.2,0.0,0,0,16,0.0,0,61,0,3,90.2,55,14.8,9,47.0,9,0,82.0,50,37,13,4.3,12.3,0.67
De'Anthony Thomas,8759,WR,KC,10,3.0,0,77.8,,0,0,0,12.5,1,2,16,0,52.1,79.8,50.9,,57.6,0.0,0,0,15,0.0,0,40,1,7,100.0,40,60.0,24,82.9,9,0,30.0,12,35,31,4.4,5.0,0.88
Tommylee Lewis,11231,WR,NO,10,7.9,1,77.8,100.0,1,1,0,12.5,1,4,20,0,52.1,84.5,64.8,,66.4,0.0,0,0,26,0.0,0,42,0,7,97.6,41,19.0,8,101.9,9,0,78.6,33,76,25,3.6,10.9,1.85
David Johnson,5165,TE,PIT,16,3.0,0,77.8,,0,0,1,0.0,0,5,25,0,76.5,70.1,68.2,81.1,64.8,74.4,67,1,26,23.3,21,90,3,7,68.9,62,14.4,13,64.1,9,0,1.1,1,80,50,7.1,11.4,1.29
DuJuan Harris,6595,HB,SF,6,-0.7,6,88.9,,0,0,0,0.0,0,4,28,1,76.5,25.4,54.0,71.4,61.3,0.0,0,0,47,20.3,16,79,1,8,74.7,59,0.0,0,155.8,9,1,2.5,2,115,123,15.4,14.4,1.95
Arian Foster,5398,HB,MIA,4,2.3,1,66.7,0.0,0,1,0,14.3,1,2,17,0,49.2,78.2,52.0,81.8,53.4,1.7,1,0,50,10.0,6,60,0,6,86.7,52,3.3,2,93.8,9,0,8.3,5,78,71,11.8,13.0,1.5
Markus Wheaton,7860,WR,PIT,3,18.9,0,44.4,0.0,0,3,0,20.0,1,2,25,0,45.8,68.0,54.1,,53.9,0.0,0,0,30,0.0,0,77,0,4,90.9,70,67.5,52,99.8,9,1,32.5,25,51,8,2.0,12.8,0.73
Antone Smith,5440,HB,TB,3,3.0,0,66.7,,0,0,0,14.3,1,2,30,0,49.7,15.9,48.1,75.6,51.2,0.0,0,0,30,4.7,2,43,0,6,81.4,35,2.3,1,93.3,9,0,34.9,15,77,83,13.8,12.8,2.2
Jerome Felton,4460,FB,BUF,14,3.2,0,66.7,,0,0,0,25.0,2,4,4,0,29.7,75.3,68.4,59.5,44.2,6.3,5,0,22,36.7,29,79,0,6,62.0,49,2.5,2,84.0,9,0,1.3,1,57,37,6.2,9.5,1.16
Rashad Greene Sr.,9572,WR,JAX,6,7.6,1,62.5,0.0,0,1,0,0.0,0,1,15,0,73.4,82.4,56.2,,56.0,0.0,0,1,9,0.0,0,47,0,5,93.6,44,80.9,38,31.3,8,0,19.1,9,32,18,3.6,6.4,0.73
Kenjon Barner,7963,HB,PHI,12,-0.4,2,62.5,,0,0,0,28.6,2,3,24,0,29.8,82.5,47.3,50.5,45.4,0.0,0,0,15,12.7,8,63,1,5,82.5,52,1.6,1,76.0,8,0,6.3,4,42,51,10.2,8.4,0.81
Matt Jones,9528,HB,WAS,7,2.1,0,100.0,,0,0,0,0.0,0,4,32,0,77.3,44.0,67.2,64.1,62.8,0.0,0,0,16,20.7,23,111,1,8,71.2,79,0.9,1,104.7,8,0,3.6,4,73,56,7.0,9.1,0.92
Blake Bell,9550,TE,SF,12,12.5,0,50.0,,0,0,0,33.3,2,2,28,0,28.6,67.0,48.6,74.5,49.7,67.9,38,0,45,8.9,5,56,0,4,85.7,48,32.1,18,88.0,8,0,0.0,0,85,30,7.5,21.3,1.77
Alex Erickson,11107,WR,CIN,11,10.9,1,75.0,,0,0,1,0.0,0,3,7,0,74.6,89.5,61.0,,63.8,1.6,1,0,20,0.0,0,63,1,6,95.2,60,58.7,37,101.6,8,0,39.7,25,71,33,5.5,11.8,1.18
Malcolm Johnson,9628,FB,CLV,7,-1.1,0,71.4,,0,0,0,0.0,0,2,8,0,73.4,17.0,50.6,74.1,78.4,6.1,2,0,21,45.5,15,33,0,5,54.5,18,12.1,4,87.8,7,0,0.0,0,44,57,11.4,8.8,2.44
Keenan Allen,7857,WR,SD,1,6.4,0,85.7,50.0,1,2,0,0.0,0,5,27,0,74.6,68.8,88.3,,85.3,0.0,0,0,15,0.0,0,18,0,6,88.9,16,27.8,5,104.2,7,0,72.2,13,63,23,3.8,10.5,3.94
Wendall Williams,11174,WR,HST,3,14.7,0,57.1,,0,0,0,0.0,0,3,13,0,72.1,67.0,87.4,,84.4,0.0,0,0,32,0.0,0,20,0,4,95.0,19,10.0,2,94.3,7,0,90.0,18,75,10,2.5,18.8,3.95
Knile Davis,7878,HB,KC,8,0.4,0,71.4,,0,0,0,16.7,1,2,16,0,45.8,80.7,45.7,28.3,53.4,0.0,0,1,11,17.1,6,35,0,5,77.1,27,0.0,0,36.9,7,0,2.9,1,25,22,4.4,5.0,0.93
Randall Telfer,9631,TE,CLV,14,4.7,0,28.6,,0,0,0,33.3,1,0,8,0,31.6,64.8,53.7,79.6,36.1,88.4,99,0,7,47.3,53,112,1,2,46.4,52,5.4,6,39.6,7,0,6.3,7,4,11,5.5,2.0,0.08
Alan Cross,10931,TE,TB,13,4.1,0,85.7,,0,0,0,0.0,0,3,30,0,74.6,68.8,66.1,77.1,52.8,45.1,32,0,10,9.9,7,71,0,6,84.5,60,8.5,6,128.9,7,1,12.7,9,38,13,2.2,6.3,0.63
Ka'Deem Carey,8752,HB,CHI,11,-0.7,2,71.4,,0,0,0,28.6,2,4,6,0,29.2,80.9,59.4,86.9,44.6,0.0,0,0,16,21.0,13,62,0,5,72.6,45,3.2,2,94.3,7,0,4.8,3,55,59,11.8,11.0,1.22
Luke Stocker,6256,TE,TB,11,2.0,0,71.4,,0,0,0,0.0,0,2,30,0,73.4,68.0,55.1,44.3,54.8,70.7,82,0,11,35.3,41,116,2,5,60.3,70,6.9,8,75.3,7,0,1.7,2,23,21,4.2,4.6,0.33
Geoff Swaim,9679,TE,DAL,9,3.4,0,85.7,0.0,0,1,0,0.0,0,3,9,0,74.6,68.8,66.7,55.7,65.0,83.3,40,0,28,37.5,18,48,2,6,56.3,27,14.6,7,107.7,7,0,2.1,1,69,49,8.2,11.5,2.56
Logan Paulsen,5795,TE,CHI,16,2.0,0,42.9,,0,0,0,40.0,2,1,6,0,28.7,67.0,48.6,64.9,30.6,89.5,145,1,7,38.3,62,162,6,3,58.0,94,8.6,14,10.7,7,0,1.2,2,15,6,2.0,5.0,0.16
LeGarrette Blount,5863,HB,NE,16,-0.7,4,100.0,100.0,1,1,0,0.0,0,1,19,0,75.6,77.1,58.7,57.2,54.5,0.0,0,0,16,27.2,50,184,2,7,71.2,131,1.1,2,89.3,7,0,0.5,1,38,43,6.1,5.4,0.29
Bradley Marquez,9914,WR,LA,11,8.0,1,42.9,0.0,0,1,0,25.0,1,3,26,0,42.1,68.3,49.4,66.2,54.9,5.3,3,0,13,1.8,1,57,0,3,93.0,53,63.2,36,59.8,7,0,31.6,18,37,22,7.3,12.3,0.7
Leonte Carroo,10720,WR,MIA,7,18.2,0,50.0,100.0,1,1,1,0.0,0,2,17,0,70.5,65.8,54.2,,55.4,0.0,0,1,15,0.0,0,68,1,3,98.5,67,36.8,25,63.9,6,1,63.2,43,29,14,4.7,9.7,0.43
Greg Salas,6264,WR,BUF,2,16.0,0,66.7,,0,0,0,0.0,0,3,4,0,72.1,67.0,59.1,,59.3,0.0,0,0,71,0.0,0,27,0,4,100.0,27,81.5,22,149.3,6,1,18.5,5,89,33,8.3,22.3,3.3
Peyton Barber,10927,HB,TB,10,3.0,0,83.3,,0,0,0,16.7,1,1,30,0,46.3,84.0,59.4,47.2,43.9,0.0,0,0,11,22.2,16,72,1,5,69.4,50,0.0,0,86.1,6,0,16.7,12,28,15,3.0,5.6,0.56
Gavin Escobar,7828,TE,DAL,14,8.2,0,66.7,,0,0,0,0.0,0,2,9,0,72.1,68.7,51.6,77.8,52.5,59.3,32,1,14,18.5,10,54,2,4,74.1,40,31.5,17,78.5,6,1,9.3,5,30,9,2.3,7.5,0.75
Eddie Lacy,7842,HB,GB,5,-4.0,2,66.7,,0,0,0,0.0,0,1,12,0,72.1,85.5,74.7,79.6,55.1,0.0,0,0,17,17.2,15,87,0,4,77.0,67,0.0,0,77.1,6,0,5.7,5,28,42,10.5,7.0,0.42
Anthony Sherman,6288,FB,KC,15,-0.7,0,66.7,,0,0,0,20.0,1,0,16,0,41.6,67.0,61.8,79.7,41.4,18.9,10,0,6,20.8,11,53,0,4,77.4,41,1.9,1,70.1,6,0,3.8,2,11,9,2.3,2.8,0.27
Danny Woodhead,4914,HB,SD,2,1.3,0,100.0,,0,0,0,0.0,0,2,27,0,75.6,77.9,56.3,59.2,63.0,0.0,0,0,12,11.1,4,36,0,6,83.3,30,5.6,2,130.6,6,1,16.7,6,35,35,5.8,5.8,1.17
Ben Braunecker,11335,TE,CHI,9,7.2,0,66.7,,0,0,0,0.0,0,2,6,0,72.1,67.0,59.5,60.2,56.7,65.6,40,1,14,27.9,17,61,0,4,65.6,40,19.7,12,46.5,6,0,3.3,2,41,5,1.3,10.3,1.03
Andy Janovich,10810,FB,DEN,10,2.5,0,83.3,,0,0,0,0.0,0,4,10,0,73.4,71.6,67.4,83.9,63.5,0.0,0,0,13,12.0,10,83,0,5,80.7,67,2.4,2,97.2,6,0,4.8,4,44,32,6.4,8.8,0.66
Nick Williams,8005,WR,ATL,2,4.2,2,83.3,,0,0,0,0.0,0,5,2,0,73.4,68.0,93.6,,92.2,0.0,0,0,19,0.0,0,12,0,5,100.0,12,100.0,12,107.6,6,0,0.0,0,59,40,8.0,11.8,4.92
Nick Boyle,9604,TE,BLT,6,3.5,0,100.0,,0,0,0,0.0,0,1,3,0,74.6,70.1,70.8,67.9,63.1,40.4,21,0,20,63.5,33,52,1,6,32.7,17,55.8,29,97.2,6,0,3.8,2,44,23,3.8,7.3,2.59
Devin Street,8781,WR,IND,4,17.8,0,16.7,,0,0,0,50.0,1,1,14,0,28.8,61.2,46.7,,47.9,0.0,0,0,20,0.0,0,48,1,1,95.8,46,41.7,20,41.0,6,0,58.3,28,20,2,2.0,20.0,0.43
Brenton Bersin,7516,WR,CAR,6,14.7,0,33.3,,0,0,0,0.0,0,2,5,0,68.3,64.0,63.5,,58.2,4.2,1,0,10,0.0,0,24,0,2,91.7,22,33.3,8,42.4,6,0,62.5,15,17,2,1.0,8.5,0.77
Lee Smith,6311,TE,OAK,4,-0.2,0,100.0,100.0,1,1,0,0.0,0,0,23,0,74.6,68.8,63.0,76.8,55.9,77.4,48,0,12,40.3,25,62,3,6,54.8,34,16.1,10,86.8,6,0,4.8,3,29,30,5.0,4.8,0.85
Trevor Davis,10797,WR,GB,9,7.7,0,50.0,,0,0,0,40.0,2,2,12,0,28.0,27.3,55.5,,55.2,1.6,1,0,9,0.0,0,62,0,3,93.5,58,4.8,3,100.0,6,1,93.5,58,24,9,3.0,8.0,0.41
Josh Doctson,10656,WR,WAS,2,22.3,0,33.3,100.0,1,1,0,0.0,0,1,32,0,68.3,64.0,57.7,,57.8,0.0,0,0,57,0.0,0,25,0,2,96.0,24,12.0,3,75.7,6,0,88.0,22,66,14,7.0,33.0,2.75
Alfred Morris,7165,HB,DAL,13,-0.6,2,60.0,100.0,1,1,0,0.0,0,0,9,0,70.5,85.6,51.5,34.4,56.6,0.0,0,1,6,13.5,7,52,0,3,80.8,42,1.9,1,25.0,5,0,5.8,3,11,9,3.0,3.7,0.26
Phillip Supernaw,7324,TE,TEN,15,3.4,2,80.0,0.0,0,1,0,20.0,1,3,31,0,72.1,67.0,57.2,83.7,56.0,61.2,60,0,30,23.5,23,98,1,4,70.4,69,24.5,24,118.3,5,0,7.1,7,62,49,12.3,15.5,0.9
Denard Robinson,7917,HB,JAX,6,0.0,0,60.0,,0,0,0,25.0,1,1,15,0,36.2,82.0,56.2,35.9,44.4,0.0,0,0,11,26.4,14,53,0,3,73.6,39,0.0,0,70.4,5,0,3.8,2,22,31,10.3,7.3,0.56
James Develin,6142,FB,NE,15,3.4,0,60.0,,0,0,0,0.0,0,2,19,0,70.5,70.8,72.9,70.0,51.8,3.4,3,0,13,20.5,18,88,0,3,75.0,66,10.2,9,67.1,5,0,38.6,34,18,8,2.7,6.0,0.27
Justin Perillo,9248,TE,GB,8,5.2,1,80.0,,0,0,0,0.0,0,1,12,0,72.1,67.0,54.4,76.8,52.7,45.5,30,0,13,7.6,5,66,0,4,90.9,60,43.9,29,95.8,5,0,6.1,4,35,21,5.3,8.8,0.58
Ameer Abdullah,9487,HB,DET,2,0.4,2,100.0,,0,0,0,0.0,0,4,11,0,73.4,77.6,78.9,85.5,89.2,0.0,0,0,18,25.0,9,36,0,5,72.2,26,0.0,0,153.8,5,1,5.6,2,57,55,11.0,11.4,2.19
Marcel Reece,4702,FB,SEA,4,8.4,1,100.0,,0,0,0,0.0,0,2,29,0,74.6,70.6,72.2,78.6,75.8,0.0,0,0,31,16.1,5,31,0,5,74.2,23,9.7,3,118.8,5,0,32.3,10,73,31,6.2,14.6,3.17
Mike Davis,9559,HB,SF,5,2.2,1,60.0,,0,0,0,40.0,2,1,28,0,28.1,27.1,41.6,83.3,29.7,0.0,0,0,10,16.3,7,43,0,3,79.1,34,4.7,2,72.9,5,0,2.3,1,25,17,5.7,8.3,0.74
Darren McFadden,4318,HB,DAL,3,-2.0,2,60.0,,0,0,0,40.0,2,1,9,0,28.0,78.9,59.1,77.6,36.6,0.0,0,0,11,13.6,3,22,0,3,81.8,18,13.6,3,66.3,5,0,18.2,4,17,23,7.7,5.7,0.94
Ross Travis,10320,TE,KC,6,2.4,0,60.0,,0,0,0,40.0,2,1,16,0,28.0,65.8,38.5,65.9,40.9,12.8,5,0,6,2.6,1,39,0,3,94.9,37,33.3,13,64.6,5,0,53.8,21,15,16,5.3,5.0,0.41
Tyler Ervin,10753,HB,HST,6,8.0,0,60.0,0.0,0,1,0,25.0,1,0,13,0,36.2,49.4,49.2,,47.1,0.0,0,0,9,0.0,0,23,0,3,95.7,22,34.8,8,67.1,5,0,43.5,10,18,5,1.7,6.0,0.82
Danny Vitale,10831,FB,CLV,9,-1.0,1,80.0,,0,0,0,20.0,1,2,8,0,41.6,67.0,65.7,83.6,49.8,5.3,2,0,17,28.9,11,38,0,4,68.4,26,5.3,2,89.2,5,0,0.0,0,27,33,8.3,6.8,1.04
Joshua Perkins,11051,TE,ATL,8,12.8,0,60.0,,0,0,0,25.0,1,2,2,0,36.2,65.8,46.8,73.6,53.9,51.2,22,0,26,7.0,3,43,2,3,88.4,38,37.2,16,126.7,5,1,7.0,3,42,16,5.3,14.0,1.11
Orleans Darkwa,9173,HB,NYG,4,-1.5,0,50.0,0.0,0,1,0,33.3,1,0,21,0,30.0,79.7,52.1,81.3,36.4,0.0,0,0,9,16.1,5,31,0,2,71.0,22,3.2,1,56.3,4,0,0.0,0,12,18,9.0,6.0,0.55
Nick Vannett,10728,TE,SEA,9,6.3,0,75.0,,0,0,0,25.0,1,1,29,0,36.2,65.8,58.1,75.3,46.6,87.8,36,0,21,29.3,12,41,0,3,68.3,28,9.8,4,97.9,4,0,0.0,0,32,13,4.3,10.7,1.14
Quan Bray,9700,WR,IND,3,6.3,0,75.0,,0,0,0,0.0,0,1,14,0,70.5,80.4,57.3,,59.6,0.0,0,0,22,0.0,0,25,0,3,92.0,23,28.0,7,102.1,4,0,72.0,18,36,14,4.7,12.0,1.57
Jeremy Ross,6476,WR,ARZ,2,7.8,0,100.0,,0,0,0,0.0,0,4,1,0,72.1,81.6,81.2,,77.8,6.7,1,0,15,0.0,0,15,0,4,93.3,14,26.7,4,144.8,4,1,66.7,10,37,7,1.8,9.3,2.64
Tavarres King,7943,WR,NYG,5,29.3,0,50.0,,0,0,0,0.0,0,1,21,0,68.3,64.0,58.7,,58.3,0.0,0,1,44,0.0,0,43,0,2,90.7,39,7.0,3,56.3,4,0,93.0,40,50,5,2.5,25.0,1.28
Mike James,7970,HB,TB,3,2.0,0,100.0,,0,0,0,0.0,0,0,30,0,41.6,71.1,52.5,79.1,43.7,0.0,0,0,6,4.5,2,44,0,4,81.8,36,0.0,0,89.6,4,0,15.9,7,22,14,3.5,5.5,0.61
Corey Grant,9827,HB,JAX,6,1.0,1,100.0,,0,0,0,0.0,0,2,15,0,72.1,83.4,67.1,64.8,60.3,0.0,0,0,15,11.1,7,63,0,4,84.1,53,0.0,0,142.7,4,1,0.0,0,35,31,7.8,8.8,0.66
Byron Marshall,11076,HB,PHI,2,0.5,1,75.0,,0,0,0,0.0,0,1,24,0,70.5,78.3,56.7,78.8,59.2,0.0,0,0,7,7.5,4,53,0,3,84.9,45,13.2,7,77.1,4,0,3.8,2,10,14,4.7,3.3,0.22
Daniel Lasco,10871,HB,NO,5,0.0,0,50.0,0.0,0,1,0,33.3,1,0,20,0,68.3,74.4,54.7,24.8,60.7,0.0,0,0,7,18.2,2,11,0,2,81.8,9,9.1,1,56.3,4,0,0.0,0,11,12,6.0,5.5,1.22
Taiwan Jones,6277,HB,OAK,7,-4.5,3,100.0,,0,0,1,0.0,0,3,23,0,72.1,75.6,72.2,71.0,84.4,0.0,0,0,16,6.3,1,16,1,4,81.3,13,18.8,3,111.5,4,0,31.3,5,43,61,15.3,10.8,3.31
Jace Amaro,8684,TE,TEN,2,13.0,0,75.0,100.0,2,2,0,0.0,0,2,31,0,70.5,65.8,80.6,,75.2,15.8,3,0,26,0.0,0,19,0,3,94.7,18,63.2,12,116.7,4,0,21.1,4,59,15,5.0,19.7,3.28
Alex Ellis,11326,TE,JAX,6,2.5,0,75.0,,0,0,0,25.0,1,0,15,0,36.2,65.8,49.0,74.2,39.6,79.6,43,0,6,14.8,8,54,2,3,83.3,45,18.5,10,77.1,4,0,1.9,1,11,4,1.3,3.7,0.24
Derek Watt,10832,FB,SD,15,5.3,1,100.0,,0,0,0,0.0,0,2,27,0,72.1,69.4,55.4,51.8,67.9,8.9,4,0,53,28.9,13,45,1,4,64.4,29,2.2,1,118.8,4,0,8.9,4,83,62,15.5,20.8,2.86
Brandon Bolden,7469,HB,NE,3,7.0,1,50.0,,0,0,0,50.0,2,1,19,0,27.3,66.2,50.9,76.8,26.5,0.0,0,0,13,22.2,2,9,0,2,77.8,7,0.0,0,59.4,4,0,0.0,0,15,16,8.0,7.5,2.14
Griff Whalen,7351,WR,NE,8,1.8,0,50.0,,0,0,0,0.0,0,1,19,0,68.3,71.4,53.6,69.3,50.6,0.0,0,1,12,1.1,1,92,0,2,87.0,80,50.0,46,27.1,4,0,48.9,45,22,19,9.5,11.0,0.28
Adrian Peterson,3623,HB,MIN,3,-1.0,0,75.0,,0,0,0,25.0,1,0,18,0,36.2,34.5,45.5,84.7,39.7,0.0,0,0,7,17.4,8,46,0,3,82.6,38,2.2,1,77.1,4,0,0.0,0,8,11,3.7,2.7,0.21
Je'Ron Hamm,8981,TE,SF,3,8.3,0,50.0,,0,0,0,0.0,0,1,28,0,68.3,64.0,56.8,74.1,55.2,69.7,23,0,7,9.1,3,33,0,2,90.9,30,24.2,8,57.3,4,0,3.0,1,13,2,1.0,6.5,0.43
Clay Harbor,5648,TE,DET,10,0.7,0,100.0,,0,0,0,0.0,0,1,11,0,70.5,65.8,54.8,71.3,45.4,64.8,46,0,9,14.1,10,71,0,3,78.9,56,16.9,12,93.1,3,0,12.7,9,19,17,5.7,6.3,0.34
Ifeanyi Momah,8557,TE,ARZ,4,15.3,0,66.7,,0,0,0,0.0,0,2,1,0,68.3,64.0,52.4,0.0,68.8,81.3,13,0,27,12.5,2,16,0,2,81.3,13,12.5,2,109.7,3,0,0.0,0,50,12,6.0,25.0,3.85
Percy Harvin,4945,WR,BUF,2,2.3,0,66.7,,0,0,0,0.0,0,0,4,0,68.3,66.2,53.4,,51.2,0.0,0,0,5,0.0,0,38,0,2,97.4,37,18.4,7,70.1,3,0,81.6,31,6,4,2.0,3.0,0.16
Lorenzo Taliaferro,8773,HB,BLT,1,-1.0,0,100.0,,0,0,0,0.0,0,0,3,0,70.5,67.4,63.4,78.7,68.1,0.0,0,0,8,40.0,4,10,0,3,60.0,6,0.0,0,80.6,3,0,0.0,0,10,13,4.3,3.3,1.67
Laquon Treadwell,10657,WR,MIN,7,21.0,0,33.3,,0,0,0,0.0,0,1,18,0,64.7,65.3,56.4,,52.8,0.0,0,0,15,0.0,0,49,0,1,93.9,46,20.4,10,50.7,3,0,79.6,39,15,0,0.0,15.0,0.33
Javorius Allen,9558,HB,BLT,4,-2.3,0,100.0,,0,0,0,0.0,0,2,3,0,42.1,74.0,58.5,38.8,62.5,0.0,0,0,8,14.8,4,27,0,3,66.7,18,7.4,2,87.5,3,0,7.4,2,15,22,7.3,5.0,0.83
Keith Smith,9302,FB,DAL,13,-0.3,0,100.0,,0,0,0,0.0,0,1,9,0,70.5,68.7,68.2,83.4,57.3,8.3,3,0,14,22.2,8,36,1,3,72.2,26,16.7,6,94.4,3,0,2.8,1,20,21,7.0,6.7,0.77
Isaiah Burse,9300,WR,SD,4,20.7,0,0.0,,0,0,0,,0,0,27,0,,83.6,49.6,,49.6,0.0,0,1,0,0.0,0,32,1,0,100.0,32,65.6,21,0.0,3,0,34.4,11,0,0,,,0.0
Fitzgerald Toussaint,9244,HB,PIT,7,-3.7,3,100.0,,0,0,0,0.0,0,2,25,0,36.2,80.6,56.8,49.0,56.3,0.0,0,0,15,42.9,12,28,0,3,53.6,15,3.6,1,112.5,3,0,3.6,1,33,44,14.7,11.0,2.2
Kapri Bibbs,8906,HB,DEN,8,-0.7,2,66.7,,0,0,0,0.0,0,1,10,0,68.3,80.7,62.5,84.0,63.6,0.0,0,0,69,31.7,20,63,0,2,68.3,43,1.6,1,149.3,3,1,1.6,1,75,80,40.0,37.5,1.74
George Farmer,9842,HB,SEA,2,-1.3,0,33.3,,0,0,0,50.0,1,0,29,0,28.8,64.6,48.8,73.1,39.7,0.0,0,0,4,4.2,1,24,0,1,95.8,23,4.2,1,42.4,3,0,16.7,4,4,6,6.0,4.0,0.17
Lucky Whitehead,9853,WR,DAL,13,5.0,0,100.0,,0,0,0,0.0,0,1,9,0,72.1,28.8,55.2,65.7,63.4,9.7,3,0,35,3.2,1,31,0,3,93.5,29,45.2,14,118.8,3,0,41.9,13,48,33,11.0,16.0,1.66
Jamaal Charles,4387,HB,KC,3,-2.7,0,66.7,,0,0,0,0.0,0,1,16,0,68.3,74.8,60.6,73.0,61.5,7.7,1,0,16,7.7,1,13,0,2,92.3,12,0.0,0,77.1,3,0,23.1,3,14,17,8.5,7.0,1.17
Matt Lengel,9884,TE,NE,6,11.3,0,66.7,,0,0,0,0.0,0,1,19,0,68.3,64.0,64.1,69.1,63.1,58.6,17,0,18,10.3,3,29,0,2,86.2,25,31.0,9,127.8,3,1,6.9,2,22,0,0.0,11.0,0.88
Brandon Williams,7876,TE,SEA,15,11.0,0,66.7,,0,0,1,0.0,0,2,29,0,68.3,80.4,65.0,55.8,69.7,83.9,47,0,20,44.6,25,56,3,2,53.6,30,8.9,5,107.6,3,0,3.6,2,36,9,4.5,18.0,1.2
Malcolm Brown,9902,HB,LA,8,1.7,2,100.0,,0,0,0,0.0,0,2,26,0,70.5,25.7,49.1,90.2,83.9,0.0,0,0,26,29.7,11,37,0,3,67.6,25,5.4,2,118.8,3,0,2.7,1,46,41,13.7,15.3,1.84
Cole Wick,11139,TE,DET,4,16.3,0,66.7,,0,0,0,0.0,0,1,11,0,68.3,64.0,69.3,,61.7,80.0,12,0,13,0.0,0,15,0,2,93.3,14,13.3,2,82.6,3,0,6.7,1,18,10,5.0,9.0,1.29
Ryan Hewitt,9107,FB,CIN,15,3.0,1,66.7,,0,0,0,0.0,0,1,7,0,68.3,64.0,72.3,63.4,49.8,40.7,24,0,8,35.6,21,59,0,2,64.4,38,15.3,9,75.7,3,0,8.5,5,13,9,4.5,6.5,0.34
Johnny Holton,11354,WR,OAK,9,14.0,0,66.7,,0,0,1,0.0,0,2,23,0,68.3,19.1,54.5,,65.6,0.0,0,0,30,0.0,0,28,1,2,85.7,24,64.3,18,104.9,3,0,35.7,10,34,11,5.5,17.0,1.42
Akeem Hunt,9839,HB,HST,8,-2.7,1,100.0,,0,0,0,0.0,0,1,13,0,70.5,22.3,50.0,83.3,56.8,0.0,0,0,24,16.7,6,36,1,3,77.8,28,8.3,3,106.9,3,0,22.2,8,29,37,12.3,9.7,1.04
Devin Smith,9470,WR,NYJ,3,18.0,0,33.3,,0,0,0,50.0,1,1,22,0,28.9,61.2,46.2,,46.5,0.0,0,0,20,0.0,0,23,0,1,100.0,23,8.7,2,57.6,3,0,91.3,21,20,6,6.0,20.0,0.87
Joe Webb III,5722,QB,CAR,3,10.0,0,33.3,100.0,1,1,0,0.0,0,0,5,0,64.7,72.0,52.0,,52.8,0.0,0,0,3,0.0,0,13,0,1,92.3,12,15.4,2,42.4,3,0,84.6,11,3,0,0.0,3.0,0.25
Shane Wynn,9780,WR,JAX,4,10.0,0,50.0,,0,0,0,0.0,0,1,15,0,64.7,64.6,58.7,,59.2,5.0,1,0,19,0.0,0,20,0,1,100.0,20,45.0,9,83.3,2,0,35.0,7,19,12,12.0,19.0,0.95
James O'Shaughnessy,9606,TE,KC,13,-1.5,0,100.0,,0,0,0,0.0,0,0,16,0,68.3,64.0,48.0,73.1,45.9,54.0,27,0,0,10.0,5,50,2,2,84.0,42,8.0,4,79.2,2,0,38.0,19,-1,2,1.0,-0.5,-0.02
MyCole Pruitt,9576,TE,CHI,4,2.5,0,100.0,,0,0,0,0.0,0,0,6,0,68.3,64.0,52.9,74.9,56.4,60.0,6,0,7,20.0,2,10,0,2,80.0,8,10.0,1,93.8,2,0,10.0,1,13,8,4.0,6.5,1.63
Roosevelt Nix,10269,FB,PIT,8,-1.0,0,100.0,,0,0,0,0.0,0,0,25,0,68.3,64.0,81.9,42.8,60.0,7.1,1,0,3,14.3,2,14,0,2,78.6,11,0.0,0,79.2,2,0,0.0,0,5,7,3.5,2.5,0.45
Derek Carrier,7406,TE,WAS,7,3.5,0,100.0,,0,0,0,0.0,0,0,32,0,68.3,64.0,53.2,74.5,50.4,72.0,18,0,6,24.0,6,25,2,2,64.0,16,12.0,3,87.5,2,0,8.0,2,10,3,1.5,5.0,0.63
Jeremy Butler,9080,WR,SD,3,5.0,0,100.0,,0,0,0,0.0,0,0,27,0,68.3,64.0,56.9,,56.7,0.0,0,0,6,0.0,0,11,0,2,100.0,11,9.1,1,89.6,2,0,90.9,10,11,1,0.5,5.5,1.0
Jared Abbrederis,8811,WR,GB,3,4.5,0,50.0,,0,0,0,0.0,0,0,12,0,64.7,61.2,52.1,,52.5,0.0,0,0,8,0.0,0,18,0,1,88.9,16,72.2,13,60.4,2,0,27.8,5,8,2,2.0,8.0,0.5
Jordan Payton,10788,WR,CLV,4,14.0,0,50.0,,0,0,0,0.0,0,0,8,0,64.7,61.2,53.4,,53.4,0.0,0,0,3,0.0,0,23,0,1,100.0,23,26.1,6,56.3,2,0,73.9,17,3,0,0.0,3.0,0.13
Jonathan Williams,10790,HB,BUF,11,0.0,0,50.0,,0,0,0,0.0,0,0,4,0,64.7,21.3,46.5,64.6,50.2,5.3,3,0,0,29.8,17,57,0,1,61.4,35,5.3,3,56.3,2,0,0.0,0,0,3,3.0,0.0,0.0
Andre Williams,8748,HB,SD,1,-0.5,0,0.0,,0,0,0,100.0,2,0,27,0,27.9,76.5,81.1,79.6,26.4,0.0,0,0,0,55.6,5,9,0,0,44.4,4,0.0,0,39.6,2,0,0.0,0,0,0,,,0.0
Troy Niklas,8687,TE,ARZ,3,0.5,0,50.0,,0,0,0,50.0,1,0,1,0,28.9,61.2,47.0,72.1,30.9,95.2,20,0,0,9.5,2,21,0,1,90.5,19,0.0,0,56.3,2,0,0.0,0,0,1,1.0,0.0,0.0
Daniel Braverman,10864,WR,CHI,3,8.5,0,0.0,,0,0,0,,0,0,6,0,64.7,61.2,74.5,,73.1,0.0,0,1,0,0.0,0,11,0,0,90.9,10,90.9,10,0.0,2,0,9.1,1,0,0,,,0.0
Niles Paul,6307,TE,WAS,8,0.0,1,100.0,,0,0,0,0.0,0,2,32,0,68.3,66.8,61.5,83.7,54.4,51.1,23,0,16,13.3,6,45,1,2,73.3,33,13.3,6,118.8,2,0,4.4,2,27,27,13.5,13.5,0.82
Hakeem Valles,10960,TE,ARZ,9,8.0,0,0.0,,0,0,0,100.0,2,0,1,0,25.7,,32.4,73.4,27.9,95.0,19,0,0,20.0,4,20,1,0,70.0,14,0.0,0,39.6,2,0,5.0,1,0,0,,,0.0
Kerwynn Williams,8013,HB,ARZ,4,0.5,0,50.0,,0,0,0,0.0,0,0,1,0,64.7,26.1,62.0,76.6,53.9,0.0,0,0,6,14.8,4,27,0,1,85.2,23,0.0,0,56.3,2,0,7.4,2,6,7,7.0,6.0,0.26
Kalif Raymond,11028,WR,DEN,2,32.5,0,0.0,,0,0,0,100.0,1,0,10,0,,27.2,54.4,,54.5,0.0,0,0,0,0.0,0,10,0,0,80.0,8,40.0,4,39.6,2,0,60.0,6,0,0,,,0.0
J.D. McKissic,11047,WR,SEA,1,1.5,0,100.0,,0,0,0,0.0,0,0,29,0,68.3,68.3,57.9,,58.9,0.0,0,0,10,0.0,0,6,0,2,100.0,6,0.0,0,100.0,2,0,66.7,4,16,13,6.5,8.0,2.67
Troymaine Pope,11473,HB,SEA,4,-1.0,0,50.0,,0,0,0,0.0,0,0,29,0,28.8,74.5,53.9,75.0,31.5,0.0,0,1,5,5.9,1,17,0,1,88.2,15,0.0,0,16.7,2,0,5.9,1,5,1,1.0,5.0,0.33
Brandon Wilds,11057,HB,NYJ,4,-2.0,0,100.0,,0,0,0,0.0,0,1,22,0,68.3,74.4,52.9,17.1,60.7,0.0,0,0,12,22.7,5,22,0,2,77.3,17,18.2,4,108.3,2,0,4.5,1,20,24,12.0,10.0,1.18
D.J. Foster,11214,HB,NE,2,-1.0,0,50.0,,0,0,0,50.0,1,0,19,0,28.9,72.2,39.8,72.4,29.9,0.0,0,0,2,11.1,1,9,0,1,88.9,8,0.0,0,56.3,2,0,11.1,1,2,6,6.0,2.0,0.25
Russell Wilson,7077,QB,SEA,16,4.0,0,100.0,,0,0,0,0.0,0,1,29,6,64.7,75.5,80.9,,90.3,0.0,0,0,15,0.0,0,668,2,2,0.3,2,0.0,0,135.4,2,1,0.1,1,14,6,3.0,7.0,7.0
Sean McGrath,7515,TE,SD,16,2.0,0,100.0,,0,0,0,0.0,0,2,27,0,68.3,64.0,56.8,78.9,53.5,68.8,66,0,13,40.6,39,96,2,2,56.3,54,18.8,18,118.8,2,0,10.4,10,25,21,10.5,12.5,0.46
Gerald Christian,9689,TE,BUF,3,10.0,1,50.0,,0,0,0,0.0,0,1,4,0,64.7,61.2,73.4,72.9,69.7,72.7,8,0,14,27.3,3,11,0,1,63.6,7,18.2,2,72.9,2,0,9.1,1,14,9,9.0,14.0,2.0
Terron Ward,9778,HB,ATL,5,3.0,0,50.0,,0,0,0,50.0,1,1,2,0,28.9,79.8,60.7,76.2,41.3,0.0,0,0,11,6.7,2,30,0,1,86.7,26,3.3,1,66.7,2,0,3.3,1,11,8,8.0,11.0,0.42
Terrell Watson,9889,HB,PHI,1,5.0,0,100.0,,0,0,0,0.0,0,0,24,0,64.7,73.1,67.4,,63.1,0.0,0,0,5,0.0,0,3,0,1,100.0,3,0.0,0,87.5,1,0,0.0,0,5,0,0.0,5.0,1.67
Jalston Fowler,9541,FB,TEN,16,2.0,0,100.0,,0,0,0,0.0,0,1,31,0,64.7,64.6,67.1,85.0,52.3,15.6,7,0,14,31.1,14,45,0,1,62.2,28,2.2,1,118.8,1,0,2.2,1,14,12,12.0,14.0,0.5
Joique Bell,5797,HB,DET,2,-2.0,0,100.0,,0,0,0,0.0,0,0,11,0,64.7,68.2,60.1,,61.9,0.0,0,0,-2,0.0,0,4,0,1,100.0,4,0.0,0,79.2,1,0,0.0,0,-2,0,0.0,-2.0,-0.5
Jimmy Garoppolo,8697,QB,NE,6,-3.0,0,100.0,,0,0,0,0.0,0,0,19,1,,50.7,73.8,,,0.0,0,0,3,0.0,0,76,1,1,0.0,0,0.0,0,79.2,1,0,0.0,0,3,6,6.0,3.0,
Jakeem Grant Sr.,10820,WR,MIA,2,-3.0,0,0.0,,0,0,0,100.0,1,0,17,0,27.9,86.2,40.2,,39.3,0.0,0,0,0,0.0,0,3,0,0,100.0,3,66.7,2,39.6,1,0,33.3,1,0,0,,,0.0
David Morgan,10822,TE,MIN,5,3.0,0,100.0,,0,0,0,0.0,0,0,18,0,64.7,67.8,61.3,76.2,53.9,75.0,9,0,4,41.7,5,12,0,1,58.3,7,16.7,2,83.3,1,0,8.3,1,4,1,1.0,4.0,0.57
Carson Wentz,10636,QB,PHI,16,-7.0,0,100.0,,0,0,0,0.0,0,0,24,10,,50.3,69.9,,58.9,0.0,0,0,7,0.0,0,701,4,1,0.1,1,0.0,0,95.8,1,0,0.0,0,7,14,14.0,7.0,7.0
Chris Manhertz,10211,TE,CAR,5,6.0,0,100.0,,0,0,0,0.0,0,1,5,0,64.7,61.2,62.7,74.5,63.0,70.6,12,0,10,29.4,5,17,0,1,70.6,12,5.9,1,108.3,1,0,23.5,4,10,4,4.0,10.0,0.83
Blaine Gabbert,6162,QB,SF,6,-11.0,0,100.0,,0,0,0,0.0,0,0,28,0,,90.2,46.2,,,0.0,0,0,-16,0.0,0,198,0,1,0.0,0,0.0,0,79.2,1,0,0.0,0,-16,-5,-5.0,-16.0,
Chase Reynolds,6892,HB,LA,2,1.0,0,100.0,,0,0,0,0.0,0,1,26,0,64.7,61.2,78.8,63.8,90.3,0.0,0,0,4,50.0,1,2,0,1,50.0,1,0.0,0,83.3,1,0,0.0,0,4,3,3.0,4.0,4.0
Mack Brown,10115,HB,WAS,1,-3.0,0,100.0,,0,0,0,0.0,0,0,32,0,64.7,73.1,64.8,,61.0,0.0,0,0,-2,0.0,0,5,0,1,100.0,5,0.0,0,79.2,1,0,0.0,0,-2,1,1.0,-2.0,-0.4
Taylor Lewan,8646,T,TEN,15,-3.0,0,100.0,,0,0,2,0.0,0,1,31,0,64.7,61.2,87.0,85.1,83.8,1.2,7,0,10,99.3,560,564,14,1,0.7,4,0.0,0,147.9,1,1,0.0,0,10,13,13.0,10.0,2.5
Paul McRoberts,11192,WR,LA,2,6.0,0,100.0,,0,0,0,0.0,0,0,26,0,64.7,61.2,55.4,,55.0,0.0,0,0,6,0.0,0,14,0,1,92.9,13,7.1,1,91.7,1,0,85.7,12,6,0,0.0,6.0,0.46
DeAndre Smelter,9565,WR,SF,2,13.0,0,100.0,,0,0,0,0.0,0,1,28,0,68.3,64.0,65.8,,64.8,0.0,0,0,23,0.0,0,28,0,1,92.9,26,28.6,8,118.8,1,0,71.4,20,23,10,10.0,23.0,0.88
Quinton Dunbar,10073,CB,WAS,1,29.0,0,100.0,,0,0,1,0.0,0,1,32,0,64.7,61.2,81.3,,79.3,0.0,0,0,31,0.0,0,1,5,1,100.0,1,0.0,0,118.8,1,0,0.0,0,31,2,2.0,31.0,31.0
Blake Bortles,8638,QB,JAX,16,15.0,0,100.0,,0,0,1,0.0,0,1,15,7,64.7,56.4,56.9,,90.7,0.0,0,0,20,0.0,0,746,8,1,0.1,1,0.0,0,158.3,1,1,0.0,0,20,5,5.0,20.0,20.0
Braedon Bowman,10904,TE,NYJ,1,17.0,0,0.0,0.0,0,1,0,100.0,1,0,22,0,27.9,,41.8,,37.6,20.0,2,0,0,0.0,0,10,0,0,90.0,9,60.0,6,39.6,1,0,0.0,0,0,0,,,0.0
Chris Johnson,4338,HB,ARZ,4,3.0,0,0.0,,0,0,0,,0,0,1,0,,78.4,57.2,26.2,53.3,0.0,0,0,0,41.2,7,17,0,0,58.8,10,0.0,0,39.6,1,0,0.0,0,0,0,,,0.0
Zach Line,8420,FB,MIN,15,3.0,0,0.0,,0,0,0,,0,0,18,0,,72.7,63.3,88.0,49.8,1.8,1,0,0,36.4,20,55,0,0,61.8,34,0.0,0,39.6,1,0,14.5,8,0,0,,,0.0
Geremy Davis,9619,WR,SD,2,3.0,0,0.0,,0,0,0,,0,0,27,0,,62.8,55.5,,54.9,0.0,0,0,0,0.0,0,7,0,0,100.0,7,28.6,2,39.6,1,0,71.4,5,0,0,,,0.0
Rashad Ross,8061,WR,WAS,5,8.0,0,100.0,,0,0,0,0.0,0,0,32,0,64.7,65.3,56.2,,55.8,0.0,0,0,8,0.0,0,9,0,1,77.8,7,33.3,3,100.0,1,0,66.7,6,8,0,0.0,8.0,1.14
Isaiah Pead,7053,HB,MIA,2,-1.0,0,100.0,,0,0,0,0.0,0,0,17,0,64.7,73.1,70.3,66.3,57.5,0.0,0,0,6,7.7,1,13,0,1,92.3,12,0.0,0,91.7,1,0,7.7,1,6,7,7.0,6.0,0.5
Brock Osweiler,7059,QB,HST,15,-6.0,0,100.0,,0,0,0,0.0,0,0,13,4,,61.9,51.1,,,0.0,0,0,-6,0.0,0,580,4,1,0.0,0,0.0,0,79.2,1,0,0.0,0,-14,-8,-8.0,-14.0,
Bralon Addison,11013,WR,CHI,2,4.0,0,100.0,,0,0,0,0.0,0,1,6,0,64.7,82.6,76.9,,79.9,0.0,0,0,11,0.0,0,2,0,1,100.0,2,0.0,0,112.5,1,0,0.0,0,11,7,7.0,11.0,5.5
Henry Krieger-Coble,11020,TE,DEN,2,6.0,0,100.0,,0,0,0,0.0,0,1,10,0,64.7,61.2,65.3,71.7,68.9,90.0,9,0,13,10.0,1,10,0,1,80.0,8,10.0,1,118.8,1,0,0.0,0,13,7,7.0,13.0,1.63
Paul Lasike,9802,FB,CHI,8,-2.0,0,100.0,,0,0,0,0.0,0,0,6,0,64.7,69.8,58.7,51.5,54.1,0.0,0,0,3,27.3,6,22,0,1,63.6,14,0.0,0,79.2,1,0,9.1,2,3,5,5.0,3.0,0.21
Dwayne Harris,6328,WR,NYG,8,19.0,0,100.0,,0,0,0,0.0,0,1,21,0,68.3,54.8,81.6,51.9,81.0,37.5,6,0,13,18.8,3,16,0,1,75.0,12,50.0,8,158.3,1,1,12.5,2,13,0,0.0,13.0,1.08
Will Tukuafu,7764,FB,SEA,5,7.0,0,0.0,,0,0,0,,0,0,29,0,,65.2,55.1,81.9,55.5,0.0,0,0,0,63.6,7,11,0,0,36.4,4,0.0,0,39.6,1,0,9.1,1,0,0,,,0.0
Marcus Murphy,9663,HB,NO,1,1.0,0,100.0,,0,0,0,0.0,0,0,20,0,64.7,78.5,61.5,,65.1,0.0,0,0,3,0.0,0,1,0,1,100.0,1,0.0,0,79.2,1,0,0.0,0,3,2,2.0,3.0,3.0
Connor Hamlett,9828,TE,CLV,3,23.0,0,100.0,,0,0,0,0.0,0,1,8,0,64.7,61.2,66.5,38.9,76.5,80.0,16,0,17,35.0,7,20,0,1,60.0,12,10.0,2,158.3,1,1,5.0,1,17,0,0.0,17.0,1.42
Khari Lee,10018,TE,DET,7,2.0,0,0.0,,0,0,0,,0,0,11,0,,,61.3,47.3,39.9,86.8,33,0,0,21.1,8,38,0,0,73.7,28,7.9,3,39.6,1,0,2.6,1,0,0,,,0.0
Rod Smith,9996,HB,DAL,2,-3.0,0,100.0,,0,0,0,0.0,0,0,9,0,64.7,65.3,59.8,,59.6,0.0,0,0,4,0.0,0,4,0,1,100.0,4,0.0,0,83.3,1,0,75.0,3,4,7,7.0,4.0,1.0
Sam Bradford,5526,QB,MIN,15,-5.0,0,100.0,,0,0,0,0.0,0,0,18,9,,79.8,76.7,,59.3,0.0,0,0,5,0.0,0,627,7,1,0.2,1,0.0,0,87.5,1,0,0.3,2,5,10,10.0,5.0,5.0
Marcus Mariota,9435,QB,TEN,15,21.0,0,0.0,,0,0,0,,0,0,31,4,,50.1,66.8,61.2,59.3,0.0,0,0,0,0.2,1,543,3,0,0.2,1,0.0,0,39.6,1,0,0.2,1,0,0,,,0.0
D.J. Tialavea,9167,TE,ATL,2,3.0,0,100.0,,0,0,0,0.0,0,1,2,0,64.7,61.2,87.9,75.8,76.9,100.0,11,0,1,45.5,5,11,0,1,54.5,6,0.0,0,118.8,1,1,0.0,0,1,0,0.0,1.0,0.17
Cedric Peerman,5109,HB,CIN,2,0.0,0,0.0,,0,0,0,100.0,1,0,7,0,28.0,70.6,46.0,53.5,25.8,0.0,0,0,0,60.0,3,5,0,0,40.0,2,0.0,0,39.6,1,0,0.0,0,0,0,,,0.0
Michael Burton,9601,FB,DET,12,2.0,0,0.0,,0,0,0,,0,0,11,0,,,70.1,37.3,49.2,9.5,2,1,0,42.9,9,21,0,0,52.4,11,0.0,0,0.0,1,0,4.8,1,0,0,,,0.0
Jake Fisher,9486,T,CIN,14,2.0,0,100.0,,0,0,2,0.0,0,0,7,1,64.7,18.4,47.7,46.8,26.3,11.4,17,0,12,97.3,145,149,4,1,2.7,4,0.7,1,116.7,1,0,0.0,0,12,10,10.0,12.0,3.0
Alex Lewis,10764,G,BLT,9,-5.0,0,0.0,,0,0,0,100.0,1,0,3,0,27.9,,60.2,66.8,41.4,0.8,3,0,0,99.7,362,363,4,0,0.3,1,0.3,1,39.6,1,0,0.0,0,0,0,,,0.0
Tony Washington,9018,WR,JAX,2,-1.0,1,100.0,,0,0,0,0.0,0,0,15,0,64.7,61.2,62.6,61.6,62.4,0.0,0,0,9,6.7,1,15,0,1,93.3,14,26.7,4,104.2,1,0,73.3,11,9,10,10.0,9.0,0.64
Matthew Mulligan,4701,TE,DET,8,1.0,0,100.0,,0,0,0,0.0,0,0,11,0,64.7,61.2,71.1,76.2,42.3,97.1,67,0,8,69.6,48,69,0,1,27.5,19,1.4,1,100.0,1,0,0.0,0,8,7,7.0,8.0,0.42
Juwan Thompson,8955,HB,DEN,4,-5.0,0,0.0,,0,0,0,,0,0,10,0,64.7,72.5,56.8,87.5,75.5,0.0,0,0,0,37.5,6,16,0,0,50.0,8,0.0,0,39.6,1,0,0.0,0,0,0,,,0.0
Donald Penn,3459,T,OAK,16,6.0,0,100.0,,0,0,1,0.0,0,1,23,0,64.7,61.2,90.0,82.7,90.2,0.1,1,0,1,99.9,676,677,10,1,0.1,1,0.0,0,118.8,1,1,0.0,0,1,0,0.0,1.0,1.0
Michael Campanaro,8852,WR,BLT,3,-2.0,0,0.0,,0,0,0,100.0,1,0,3,0,27.9,75.1,60.6,,41.3,11.1,1,0,0,0.0,0,9,0,0,100.0,9,44.4,4,39.6,1,0,44.4,4,0,0,,,0.0
Jay Prosch,8845,FB,HST,14,2.0,0,100.0,,0,0,0,0.0,0,1,13,0,64.7,70.7,70.4,70.6,55.7,0.0,0,0,6,36.2,17,47,0,1,63.8,30,0.0,0,91.7,1,0,12.8,6,6,4,4.0,6.0,0.2
Damiere Byrd,9964,WR,CAR,1,12.0,0,100.0,,0,0,0,0.0,0,1,5,0,64.7,65.3,71.9,,70.3,0.0,0,0,16,0.0,0,6,0,1,100.0,6,0.0,0,118.8,1,0,100.0,6,16,4,4.0,16.0,2.67
Kellen Davis,4472,TE,NYJ,8,3.0,0,0.0,,0,0,0,,0,0,22,0,,,51.5,65.5,39.0,83.2,104,0,0,46.4,58,125,2,0,50.4,63,8.8,11,39.6,1,0,6.4,8,0,0,,,0.0
Cameron Artis-Payne,9607,HB,CAR,3,-4.0,0,100.0,,0,0,0,0.0,0,1,5,0,64.7,80.9,57.4,85.3,55.2,0.0,0,0,11,21.1,8,38,0,1,71.1,27,5.3,2,112.5,1,0,7.9,3,11,15,15.0,11.0,0.41
Matt Barkley,7880,QB,CHI,7,4.0,0,100.0,,0,0,0,0.0,0,1,6,2,64.7,49.8,73.0,,80.3,0.0,0,0,2,0.0,0,242,2,1,0.4,1,0.0,0,118.8,1,1,0.0,0,2,0,0.0,2.0,2.0
Matthew Slater,4467,WR,NE,3,47.0,0,0.0,,0,0,0,,0,0,19,0,,8.4,59.8,,55.1,0.0,0,0,0,0.0,0,5,0,0,100.0,5,0.0,0,39.6,1,0,100.0,5,0,0,,,0.0
Alex Smith,2218,QB,KC,15,-4.0,0,100.0,,0,0,1,0.0,0,0,16,5,,53.5,76.0,61.3,,0.0,0,0,3,0.2,1,565,5,1,0.0,0,0.0,0,79.2,1,0,0.0,0,3,7,7.0,3.0,
