player,player_id,position,team_name,player_game_count,block_percent,declined_penalties,franchise_id,grades_offense,grades_pass_block,grades_run_block,hits_allowed,hurries_allowed,non_spike_pass_block,non_spike_pass_block_percentage,pass_block_percent,pbe,penalties,pressures_allowed,sacks_allowed,snap_counts_block,snap_counts_ce,snap_counts_lg,snap_counts_lt,snap_counts_offense,snap_counts_pass_block,snap_counts_pass_play,snap_counts_rg,snap_counts_rt,snap_counts_run_block,snap_counts_te
Darnell Wright,98480,T,CHI,10,100.0,0,6,63.1,60.9,66.2,1,25,365,100.0,100.0,95.1,6,31,5,650,0,0,0,650,378,378,0,650,272,0
Erik McCoy,37347,C,NO,9,100.0,1,20,77.5,50.7,89.7,2,11,369,100.0,100.0,97.2,5,17,4,641,641,0,0,641,384,384,0,0,257,0
Jason Kelce,6343,C,PHI,9,100.0,0,24,81.9,69.8,83.7,1,4,354,100.0,100.0,99.0,1,6,1,640,640,0,0,640,371,371,0,0,269,0
Jordan Mailata,66916,T,PHI,9,99.8,1,24,83.1,80.4,81.4,1,20,353,99.7,99.7,96.2,3,24,3,639,0,0,632,640,370,371,0,0,269,8
Cody Whitehair,10690,G,CHI,10,100.0,0,6,44.7,57.1,41.8,4,8,353,100.0,100.0,97.5,2,15,3,628,87,541,0,628,366,366,0,0,262,0
Ikem Ekwonu,98286,T,CAR,9,100.0,2,5,64.1,61.6,75.5,4,12,402,100.0,100.0,96.8,9,21,5,625,0,0,625,625,430,430,0,0,195,0
Bradley Bozeman,27934,C,CAR,9,100.0,0,5,59.2,49.9,64.3,2,11,402,100.0,100.0,97.4,5,17,4,625,625,0,0,625,430,430,0,0,195,0
Taylor Moton,11819,T,CAR,9,100.0,0,5,64.0,69.1,56.2,0,31,402,100.0,100.0,95.9,3,32,1,625,0,0,0,625,430,430,0,625,195,0
Quenton Nelson,12954,G,IND,9,100.0,0,14,62.4,75.2,56.3,3,8,351,100.0,100.0,98.1,5,12,1,620,0,620,0,620,376,376,0,0,244,0
Drew Dalman,52270,C,ATL,9,100.0,2,2,82.4,53.6,90.6,3,12,345,100.0,100.0,97.2,4,17,2,619,619,0,0,619,364,364,0,0,255,0
Chris Lindstrom,46692,G,ATL,9,100.0,2,2,81.3,73.0,84.5,2,6,345,100.0,100.0,98.0,6,11,3,619,0,0,1,619,364,364,618,0,255,0
Jake Matthews,8641,T,ATL,9,100.0,0,2,75.9,77.0,70.2,1,10,345,100.0,100.0,97.2,3,15,4,619,0,0,605,619,364,364,0,0,255,14
Matthew Bergeron,99658,G,ATL,9,100.0,0,2,55.4,60.5,54.2,6,9,345,100.0,100.0,97.2,3,17,2,619,0,619,0,619,364,364,0,0,255,0
Andrew Wylie,12333,T,WAS,9,100.0,1,32,69.4,65.9,71.2,4,18,421,100.0,100.0,96.2,4,27,5,616,0,0,0,616,447,447,0,613,169,3
Landon Dickerson,41712,G,PHI,9,100.0,2,24,69.7,70.7,70.8,5,16,343,100.0,100.0,96.4,6,23,2,615,0,615,0,615,360,360,0,0,255,0
Sam Cosmi,60114,G,WAS,9,100.0,0,32,70.8,68.4,67.5,4,15,419,100.0,100.0,97.5,2,20,1,612,0,0,0,612,444,444,612,0,168,0
John Simpson,41715,G,BLT,9,100.0,0,3,56.8,61.7,55.7,4,8,318,100.0,100.0,98.1,4,12,0,610,0,610,0,610,343,343,0,0,267,0
Trey Smith,62960,G,KC,9,100.0,1,16,69.5,66.0,72.0,3,13,380,100.0,100.0,97.9,6,16,0,605,0,0,0,605,406,406,604,0,199,0
Joe Thuney,10712,G,KC,9,100.0,0,16,73.0,81.3,66.9,4,13,380,100.0,100.0,97.2,2,19,2,604,0,597,7,604,406,406,0,0,198,0
Wyatt Teller,46131,G,CLV,8,100.0,1,8,70.8,72.1,69.8,2,7,310,100.0,100.0,97.6,3,12,3,603,0,1,0,603,334,334,602,0,269,0
Will Fries,41530,G,IND,9,100.0,1,14,61.8,68.6,60.9,2,13,342,100.0,100.0,97.5,7,16,1,602,0,0,0,602,367,367,602,0,235,0
Brian O'Neill,46854,T,MIN,9,100.0,0,18,74.4,73.5,73.9,2,17,381,100.0,100.0,97.0,6,21,2,599,0,0,0,599,408,408,0,599,191,0
Ed Ingram,59819,G,MIN,9,100.0,1,18,59.9,59.8,57.8,10,15,381,100.0,100.0,95.7,3,29,4,599,0,0,0,599,408,408,599,0,191,0
Steve Avila,77319,G,LA,9,100.0,0,26,59.4,59.8,58.0,4,17,350,100.0,100.0,96.4,2,23,2,599,0,599,0,599,376,376,0,0,223,0
Creed Humphrey,59996,C,KC,9,100.0,0,16,72.2,73.9,70.1,1,6,380,100.0,100.0,98.3,1,10,3,598,597,0,0,598,406,406,0,0,192,0
Kevin Zeitler,7032,G,BLT,9,100.0,0,3,68.0,76.6,61.8,1,10,314,100.0,100.0,97.6,3,13,2,594,0,0,0,594,339,339,594,0,255,0
Coleman Shelton,39316,C,LA,9,100.0,1,26,60.4,43.6,67.6,6,13,347,100.0,100.0,96.7,3,21,2,594,594,0,0,594,373,373,0,0,221,0
Donovan Smith,9467,T,KC,9,100.0,3,16,57.9,66.1,41.8,6,22,378,100.0,100.0,96.0,7,29,1,594,0,0,593,594,404,404,0,0,190,0
O'Cyrus Torrence,102821,G,BUF,9,100.0,1,4,58.9,57.7,61.1,1,17,363,100.0,100.0,97.2,4,19,1,592,0,0,0,592,388,388,592,0,204,0
Jawaan Taylor,41665,T,KC,9,100.0,1,16,53.2,65.3,47.3,4,16,372,100.0,100.0,96.8,11,22,2,590,0,0,0,590,398,398,0,586,192,3
Spencer Brown,42296,T,BUF,9,100.0,1,4,70.2,68.9,70.8,3,14,362,100.0,100.0,97.1,4,19,2,589,0,0,0,589,387,387,0,586,202,3
Paris Johnson Jr.,129749,T,ARZ,9,100.0,4,1,50.1,56.7,45.1,8,14,331,100.0,100.0,95.8,8,25,3,584,0,0,0,584,359,359,0,584,225,0
Lane Johnson,7786,T,PHI,9,100.0,0,24,79.7,80.1,73.6,2,13,312,100.0,100.0,97.3,1,16,1,579,0,0,6,579,328,328,0,573,251,0
Kaleb McGary,46912,T,ATL,9,100.0,1,2,69.0,65.6,69.7,2,7,324,100.0,100.0,97.4,2,13,4,579,0,0,0,579,342,342,1,578,237,0
Austin Jackson,60816,T,MIA,9,100.0,1,17,60.9,72.0,48.9,2,8,333,100.0,100.0,98.2,4,11,1,578,0,0,0,578,351,351,0,577,227,1
Hjalte Froholdt,44959,C,ARZ,9,100.0,0,1,56.2,53.7,60.3,4,11,325,100.0,100.0,97.4,5,16,1,577,577,0,0,577,353,353,0,0,224,0
Connor McGovern,41714,G,BUF,9,100.0,1,4,58.5,72.2,49.2,0,12,363,100.0,100.0,98.1,3,13,1,575,0,575,0,575,388,388,0,0,187,0
Penei Sewell,81788,T,DET,8,100.0,1,11,82.4,82.0,80.4,1,4,311,100.0,100.0,99.2,6,5,0,572,0,0,136,572,323,323,0,436,249,0
David Andrews,9948,C,NE,9,100.0,1,19,69.1,51.1,76.4,2,9,350,100.0,100.0,97.9,1,13,2,571,571,0,0,571,366,366,0,0,205,0
Mitch Morse,9482,C,BUF,9,100.0,0,4,67.5,70.7,65.1,2,14,361,100.0,100.0,97.5,1,17,1,570,570,0,0,570,386,386,0,0,184,0
Dion Dawkins,11818,T,BUF,9,100.0,1,4,74.2,74.6,68.5,4,15,362,100.0,100.0,97.1,3,20,1,570,0,0,569,570,387,387,0,0,183,1
Jedrick Wills Jr.,58467,T,CLV,8,100.0,0,8,54.0,60.1,54.5,5,21,297,100.0,100.0,94.6,6,29,3,569,0,0,565,569,319,319,0,0,250,4
Will Hernandez,46180,G,ARZ,9,100.0,0,1,66.5,65.4,64.4,5,10,320,100.0,100.0,97.0,1,17,2,569,0,0,0,569,348,348,569,0,221,0
Charles Leno Jr.,8880,T,WAS,8,100.0,1,32,73.8,79.0,62.9,2,16,392,100.0,100.0,97.2,6,20,2,565,0,0,565,565,417,417,0,0,148,0
Lucas Patrick,11435,C,CHI,10,100.0,1,6,48.9,47.9,56.0,1,13,322,100.0,100.0,97.8,7,14,0,563,563,0,0,563,334,334,0,0,229,0
Ethan Pocic,11813,C,CLV,8,100.0,1,8,75.5,74.7,72.8,2,6,282,100.0,100.0,98.2,3,9,1,558,558,0,0,558,304,304,0,0,254,0
Luke Fortner,42028,C,JAX,8,100.0,0,15,49.8,53.3,50.2,2,10,319,100.0,100.0,97.5,3,14,2,554,554,0,0,554,338,338,0,0,216,0
Terence Steele,39461,T,DAL,8,100.0,1,9,45.4,35.0,59.8,6,16,314,100.0,100.0,94.6,5,28,6,550,0,0,0,550,334,334,0,548,216,1
Andre James,47058,C,LV,9,100.0,0,23,68.2,69.7,68.4,2,6,316,100.0,100.0,98.1,2,10,2,549,549,0,0,549,337,337,0,0,212,0
Dylan Parham,60953,G,LV,9,100.0,0,23,67.0,70.9,63.1,2,8,316,100.0,100.0,98.1,3,11,1,549,0,549,0,549,337,337,0,0,212,0
Kolton Miller,47013,T,LV,9,100.0,0,23,83.0,84.5,74.2,1,8,316,100.0,100.0,97.6,1,12,3,549,0,0,548,549,337,337,0,0,212,1
Greg Van Roten,7746,G,LV,9,100.0,0,23,75.6,77.9,69.2,1,7,315,100.0,100.0,97.8,0,11,3,547,0,0,0,547,336,336,547,0,211,0
Shaq Mason,9564,G,HST,8,100.0,0,13,63.8,67.6,63.2,0,12,304,100.0,100.0,97.7,3,13,1,540,0,0,0,540,332,332,540,0,208,0
Jamaree Salyer,81656,G,LAC,8,100.0,0,27,61.0,60.6,57.5,3,10,326,100.0,100.0,97.1,0,16,3,540,0,0,0,540,352,352,540,0,188,0
Rashawn Slater,59971,T,LAC,8,100.0,1,27,72.7,81.1,60.7,5,18,326,100.0,100.0,96.2,5,24,1,540,0,0,540,540,352,352,0,0,188,0
Zion Johnson,99681,G,LAC,8,100.0,0,27,58.3,60.3,58.1,5,11,326,100.0,100.0,96.6,4,19,3,540,0,540,0,540,352,352,0,0,188,0
Trey Pipkins III,91462,T,LAC,8,99.8,1,27,60.2,60.2,56.0,4,15,326,100.0,99.7,95.2,5,25,6,539,0,0,0,540,351,352,0,540,188,0
Dawand Jones,101550,T,CLV,8,100.0,0,8,59.7,70.4,49.6,2,11,275,100.0,100.0,96.9,2,15,2,538,0,0,0,538,296,296,1,537,242,0
Cesar Ruiz,59857,G,NO,8,100.0,0,20,53.3,53.3,51.0,1,11,298,100.0,100.0,97.0,1,15,3,533,0,0,0,533,309,309,519,14,224,0
D.J. Humphries,9457,T,ARZ,9,100.0,0,1,53.4,58.8,52.7,3,13,299,100.0,100.0,96.3,8,19,3,533,0,0,532,533,325,325,0,0,208,1
Anton Harrison,122929,T,JAX,8,100.0,1,15,56.9,54.7,58.2,0,8,300,100.0,100.0,97.0,3,13,5,532,0,0,7,532,319,319,0,525,213,0
Ryan Ramczyk,11787,T,NO,8,100.0,0,20,77.1,75.0,73.9,1,10,298,100.0,100.0,97.1,1,14,3,530,0,0,0,530,308,308,0,529,222,1
Ben Bredeson,27305,C,NYG,8,100.0,0,21,44.7,46.5,43.9,0,13,301,100.0,100.0,96.8,3,16,3,529,279,187,0,529,322,322,63,0,207,0
Joel Bitonio,8670,G,CLV,7,100.0,0,8,68.5,74.7,60.1,1,11,273,100.0,100.0,97.8,2,12,0,527,0,527,0,527,293,293,0,0,234,0
George Fant,11282,T,HST,8,100.0,0,13,65.3,71.4,58.0,3,15,289,100.0,100.0,96.5,3,19,1,525,0,0,0,525,317,317,0,525,208,0
Luke Goedeke,77548,T,TB,8,100.0,1,30,76.8,76.7,78.2,2,14,311,100.0,100.0,96.8,7,18,2,519,0,0,0,519,334,334,0,519,185,0
Robert Hainsey,59980,C,TB,8,100.0,1,30,57.9,61.1,58.0,1,11,311,100.0,100.0,97.7,5,13,1,519,519,0,0,519,334,334,0,0,185,0
Cody Mauch,66637,G,TB,8,100.0,0,30,47.8,63.2,37.3,3,11,311,100.0,100.0,96.1,3,19,5,519,0,0,0,519,334,334,519,0,185,0
Tristan Wirfs,64818,T,TB,8,100.0,0,30,81.0,86.3,72.1,3,7,311,100.0,100.0,98.4,4,10,0,519,0,0,519,519,334,334,0,0,185,0
Alex Cappa,66578,G,CIN,8,100.0,0,7,58.6,64.8,57.1,4,9,336,100.0,100.0,97.8,4,14,1,515,0,0,0,515,352,352,515,0,163,0
Jonah Williams,41651,T,CIN,8,100.0,0,7,68.7,66.4,64.6,4,10,336,100.0,100.0,97.0,0,17,3,515,0,0,0,515,352,352,0,515,163,0
Ted Karras,10855,C,CIN,8,100.0,0,7,65.4,58.4,68.8,3,5,336,100.0,100.0,97.3,1,13,5,515,515,0,0,515,352,352,0,0,163,0
Cordell Volson,30614,G,CIN,8,100.0,1,7,49.6,27.0,61.8,2,19,336,100.0,100.0,96.0,1,24,3,515,0,515,0,515,352,352,0,0,163,0
Spencer Burford,81920,G,SF,8,100.0,1,28,46.3,21.7,59.8,1,17,252,100.0,100.0,95.6,7,20,2,508,0,0,0,508,273,273,508,0,235,0
Calvin Throckmorton,28238,G,CAR,8,100.0,0,5,50.6,55.7,44.2,3,13,334,100.0,100.0,97.6,1,16,0,508,0,198,0,508,357,357,310,0,151,0
Josh Myers,59992,C,GB,8,100.0,1,12,56.9,69.7,49.8,1,7,293,100.0,100.0,97.6,3,11,3,504,504,0,0,504,312,312,0,0,192,0
Colton McKivitz,29314,T,SF,8,100.0,1,28,59.5,61.2,55.4,2,11,252,100.0,100.0,95.4,2,18,5,504,0,0,0,504,273,273,0,504,231,0
Jon Runyan,36661,G,GB,8,100.0,1,12,53.2,63.3,49.2,3,7,295,100.0,100.0,97.6,5,12,2,501,0,0,0,501,314,314,501,0,187,0
Aaron Brewer,46014,C,TEN,8,100.0,0,31,68.2,50.9,74.0,4,10,272,100.0,100.0,96.7,2,16,2,500,499,0,0,500,299,299,0,0,201,0
Zach Tom,55443,T,GB,8,100.0,0,12,79.6,75.7,78.6,1,15,296,100.0,100.0,97.0,1,17,1,500,4,0,0,500,315,315,0,496,185,0
Orlando Brown Jr.,46227,T,CIN,8,100.0,0,7,61.9,64.2,54.0,7,19,325,100.0,100.0,95.7,2,27,1,498,0,0,498,498,341,341,0,0,157,0
Laken Tomlinson,9461,G,NYJ,8,100.0,0,22,51.6,59.5,46.9,3,20,313,100.0,100.0,94.7,1,28,5,498,0,498,0,498,333,333,0,0,165,0
Daniel Brunskill,34807,G,TEN,8,100.0,0,31,66.4,66.8,62.2,3,11,271,100.0,100.0,96.7,0,16,2,498,0,0,0,498,298,298,498,0,200,0
Jake Brendel,11117,C,SF,8,100.0,0,28,55.9,40.4,61.5,1,14,251,100.0,100.0,97.0,1,15,0,493,493,0,0,493,272,272,0,0,221,0
Mason Cole,45547,C,PIT,8,100.0,0,25,48.9,34.3,56.1,4,10,289,100.0,100.0,96.9,1,16,2,493,493,0,0,493,307,307,0,0,186,0
Isaac Seumalo,10713,G,PIT,8,100.0,0,25,65.8,65.3,64.3,4,10,289,100.0,100.0,97.6,1,14,0,493,0,493,0,493,307,307,0,0,186,0
Mekhi Becton,59818,T,NYJ,8,100.0,3,22,59.7,69.5,55.1,3,19,309,100.0,100.0,94.8,8,27,5,491,0,0,390,491,329,329,0,101,162,0
Bernhard Raimann,77948,T,IND,7,100.0,1,14,80.3,78.9,69.8,4,10,294,100.0,100.0,96.9,1,16,2,490,0,0,488,490,310,310,0,0,180,2
Frank Ragnow,39137,C,DET,7,100.0,0,11,77.5,70.2,78.6,2,7,273,100.0,100.0,98.4,2,9,0,486,486,0,0,486,284,284,0,0,202,0
Garett Bolles,11775,T,DEN,8,100.0,0,10,73.2,80.8,61.7,2,10,279,100.0,100.0,97.1,3,14,2,485,0,0,479,485,305,305,0,0,180,6
Quinn Meinerz,112915,G,DEN,8,100.0,0,10,76.8,60.8,80.7,3,9,279,100.0,100.0,97.8,1,12,0,485,0,0,0,485,305,305,485,0,180,0
Lloyd Cushenberry III,41924,C,DEN,8,100.0,0,10,68.6,74.4,65.3,2,2,279,100.0,100.0,99.3,1,4,0,485,485,0,0,485,305,305,0,0,180,0
Ben Powers,41482,G,DEN,8,100.0,0,10,62.5,66.2,57.6,0,11,279,100.0,100.0,97.7,1,12,1,485,0,485,0,485,305,305,0,0,180,0
Mike McGlinchey,46275,T,DEN,8,100.0,1,10,59.3,55.4,71.1,4,22,277,100.0,100.0,93.5,7,31,5,483,0,0,0,483,303,303,0,481,180,2
Alaric Jackson,40972,T,LA,8,100.0,0,26,52.0,56.8,44.9,4,19,280,100.0,100.0,95.5,2,24,1,482,0,0,482,482,300,300,0,0,182,0
Brandon Scherff,9438,G,JAX,8,100.0,0,15,67.6,80.7,62.9,0,9,281,100.0,100.0,98.0,3,10,1,477,0,0,0,477,298,298,477,0,179,0
Aaron Banks,59983,G,SF,8,100.0,1,28,48.5,50.8,50.4,4,7,242,100.0,100.0,97.7,3,11,0,476,0,476,0,476,262,262,0,0,214,0
Rob Havenstein,9490,T,LA,7,100.0,0,26,75.2,66.0,78.3,1,10,277,100.0,100.0,97.7,1,12,1,473,0,0,0,473,297,297,0,473,176,0
Nick Gates,29476,C,WAS,7,100.0,0,32,60.6,56.5,67.1,5,9,314,100.0,100.0,96.2,4,19,5,466,466,0,0,466,337,337,0,0,129,0
Jarrett Patterson,81775,C,HST,7,100.0,0,13,60.4,53.7,62.9,1,7,257,100.0,100.0,98.4,1,8,0,464,464,0,0,464,277,277,0,0,187,0
Evan Neal,99063,T,NYG,7,100.0,1,21,39.8,38.5,51.1,5,23,288,100.0,100.0,94.4,5,30,2,460,0,0,0,460,309,309,0,460,151,0
Christian Darrisaw,77373,T,MIN,7,100.0,0,18,86.0,82.9,84.0,8,3,282,100.0,100.0,97.3,2,13,2,460,0,0,460,460,304,304,0,0,156,0
Ryan Kelly,10652,C,IND,7,100.0,0,14,81.3,81.3,81.1,0,3,262,100.0,100.0,99.4,3,3,0,456,456,0,0,456,282,282,0,0,174,0
Graham Glasgow,10729,G,DET,7,100.0,0,11,77.1,67.9,77.9,2,12,254,100.0,100.0,96.9,1,15,1,455,86,75,0,455,262,262,294,0,193,0
Robert Hunt,46139,G,MIA,8,100.0,0,17,73.4,72.9,70.6,1,2,263,100.0,100.0,99.0,1,4,1,453,0,0,0,453,275,275,453,0,178,0
Saahdiq Charles,59820,G,WAS,7,100.0,0,32,59.1,62.2,56.4,2,16,297,100.0,100.0,96.0,3,21,3,444,0,444,0,444,319,319,0,0,125,0
Tyler Linderbaum,82291,C,BLT,7,100.0,0,3,78.5,82.9,75.1,0,7,235,100.0,100.0,98.5,2,7,0,442,442,0,0,442,255,255,0,0,187,0
Taylor Decker,10650,T,DET,6,100.0,0,11,75.4,80.7,68.2,2,9,240,100.0,100.0,96.9,4,13,2,436,0,0,436,436,247,247,0,0,189,0
Andre Dillard,29250,T,TEN,8,100.0,0,31,53.9,47.4,59.3,9,17,238,100.0,100.0,91.2,3,34,8,434,0,0,434,434,259,259,0,0,175,0
Kendall Lamm,10017,T,MIA,8,100.0,0,17,65.1,71.3,52.9,0,10,250,100.0,100.0,96.8,0,13,3,432,0,0,432,432,263,263,0,0,169,0
Trent Brown,9677,T,NE,7,100.0,1,19,81.4,75.2,81.6,5,5,255,100.0,100.0,97.3,2,12,2,430,0,0,430,430,266,266,0,0,164,0
Tyler Biadasz,41178,C,DAL,7,100.0,0,9,62.6,59.9,61.6,1,10,254,100.0,100.0,96.7,0,14,3,429,429,0,0,429,268,268,0,0,161,0
Chukwuma Okorafor,46302,T,PIT,8,100.0,4,25,61.6,60.4,62.9,0,9,255,100.0,100.0,97.5,7,11,2,426,0,0,0,426,269,269,0,425,157,1
Mark Glowinski,9567,G,NYG,7,100.0,1,21,64.1,52.3,67.7,1,11,231,100.0,100.0,94.8,2,18,6,425,0,202,0,425,252,252,222,0,173,0
Evan Brown,38709,C,SEA,7,100.0,0,29,59.4,69.5,56.8,0,12,257,100.0,100.0,97.7,3,12,0,424,386,38,0,424,276,276,0,0,148,0
Morgan Moses,8701,T,BLT,7,100.0,2,3,74.6,74.5,75.2,0,11,220,100.0,100.0,97.0,5,12,1,422,0,0,9,422,240,240,0,413,182,0
Zack Martin,8651,G,DAL,7,100.0,1,9,73.3,66.8,73.7,4,6,255,100.0,100.0,96.9,1,13,3,421,0,0,0,421,269,269,421,0,152,0
Trevor Penning,59963,T,NO,9,100.0,2,20,54.8,60.8,48.9,3,12,234,100.0,100.0,95.1,6,19,4,414,0,0,403,414,245,245,0,0,169,11
James Hurst,9001,G,NO,7,100.0,1,20,56.7,47.3,58.7,2,9,237,100.0,100.0,96.8,3,13,2,414,0,307,18,414,245,245,89,0,169,0
Jermaine Eluemunor,11914,T,LV,9,100.0,0,23,64.6,57.4,72.0,3,5,239,100.0,100.0,96.2,2,13,5,413,0,0,0,413,255,255,0,413,158,0
Blake Freeland,102844,T,IND,6,100.0,0,14,53.2,42.5,62.1,1,22,221,100.0,100.0,93.9,3,25,2,407,0,0,130,407,243,243,0,277,164,0
Larry Borom,59879,T,CHI,7,100.0,0,6,49.5,48.6,50.3,6,15,216,100.0,100.0,93.7,5,24,3,406,0,0,406,406,223,223,0,0,183,0
Tyler Smith,98385,G,DAL,6,100.0,2,9,79.1,71.3,89.8,0,3,248,100.0,100.0,99.0,7,4,1,405,0,404,0,405,263,263,0,0,142,0
Isaiah Wynn,46048,G,MIA,7,100.0,0,17,47.8,67.5,43.2,0,4,213,100.0,100.0,99.1,3,4,0,392,0,392,0,392,224,224,0,0,168,0
Chris Hubbard,8051,T,TEN,7,100.0,0,31,71.3,67.9,68.8,3,7,213,100.0,100.0,96.2,0,13,3,388,0,0,0,388,233,233,0,387,155,1
Matt Feiler,9289,G,TB,6,100.0,0,30,54.7,65.0,52.2,2,10,229,100.0,100.0,97.4,2,12,0,386,0,386,0,386,244,244,0,0,142,0
Ronnie Stanley,10640,T,BLT,6,99.5,0,3,67.6,71.5,65.8,3,14,205,99.0,99.1,93.9,4,21,4,380,0,0,370,382,221,223,0,0,159,11
Kevin Dotson,46735,G,LA,6,100.0,0,26,84.0,68.9,87.5,2,3,211,100.0,100.0,97.9,1,7,2,380,0,0,0,380,230,230,380,0,150,0
Teven Jenkins,41534,G,CHI,6,100.0,0,6,72.0,68.0,69.0,2,7,194,100.0,100.0,97.7,2,9,0,379,0,103,0,379,201,201,276,0,178,0
Trent Williams,5529,T,SF,6,100.0,2,28,81.9,76.2,80.7,1,7,179,100.0,100.0,97.8,6,8,0,375,0,0,375,375,196,196,0,0,179,0
Dan Moore Jr.,60120,T,PIT,7,100.0,0,25,45.9,31.3,57.6,6,19,224,100.0,100.0,93.5,0,27,2,375,0,0,370,375,238,238,0,4,137,1
Ezra Cleveland,41973,G,MIN,6,100.0,0,18,73.8,72.3,72.8,3,6,247,100.0,100.0,97.8,2,10,1,372,0,372,0,372,265,265,0,0,107,0
Joe Noteboom,46249,T,LA,6,100.0,0,26,40.3,35.4,41.4,5,13,214,100.0,100.0,94.9,1,20,2,372,0,0,82,372,228,228,170,120,144,0
Mike Onwenu,27357,G,NE,7,100.0,0,19,63.4,65.0,65.4,2,4,213,100.0,100.0,98.1,4,7,1,371,0,0,0,371,222,222,194,177,149,0
Connor McGovern,10778,C,NYJ,7,100.0,2,22,48.5,30.5,62.5,5,12,225,100.0,100.0,95.8,6,18,1,371,371,0,0,371,240,240,0,0,131,0
Damien Lewis,81532,G,SEA,7,100.0,0,29,59.2,62.8,59.4,0,11,219,100.0,100.0,96.6,3,13,2,370,0,370,0,370,235,235,0,0,135,0
James Daniels,45576,G,PIT,6,100.0,0,25,65.9,61.1,64.4,3,8,220,100.0,100.0,97.5,1,11,0,368,0,0,0,368,234,234,368,0,134,0
Tyler Shatley,9257,G,JAX,6,100.0,0,15,46.5,49.1,44.5,2,3,200,100.0,100.0,98.7,0,5,0,367,0,334,0,367,212,212,33,0,155,0
Rasheed Walker,81798,T,GB,8,100.0,2,12,60.1,72.1,53.2,1,11,217,100.0,100.0,95.9,7,15,3,365,0,0,357,365,231,231,0,0,134,8
Marcus McKethan,60811,G,NYG,7,100.0,1,21,46.3,26.6,55.2,5,10,218,100.0,100.0,95.6,1,17,2,362,0,68,0,362,235,235,288,0,127,6
Patrick Mekari,46219,T,BLT,8,100.0,0,3,68.3,61.0,68.1,2,6,177,100.0,100.0,96.0,1,11,3,355,3,0,204,355,188,188,0,133,167,14
Garrett Bradbury,46013,C,MIN,6,100.0,0,18,61.0,64.8,59.8,1,2,216,100.0,100.0,99.3,1,3,0,352,352,0,0,352,232,232,0,0,120,0
Sua Opeta,45110,G,PHI,6,100.0,1,24,50.5,59.0,47.4,1,14,198,100.0,100.0,95.2,2,17,2,346,0,25,0,346,205,205,321,0,141,0
Braden Smith,46794,T,IND,5,100.0,1,14,75.9,65.1,85.0,2,6,189,100.0,100.0,97.9,5,8,0,343,0,0,0,343,201,201,0,341,142,2
Jonah Jackson,37070,G,DET,5,100.0,1,11,63.2,57.9,62.3,4,7,167,100.0,100.0,96.1,2,12,1,338,0,338,0,338,175,175,0,0,163,0
John Michael Schmitz Jr.,55238,C,NYG,6,100.0,0,21,50.3,39.7,53.5,1,8,195,100.0,100.0,97.2,0,10,1,337,337,0,0,337,208,208,0,0,129,0
Stone Forsythe,41795,T,SEA,8,100.0,2,29,62.5,46.6,72.3,3,16,191,100.0,100.0,94.0,2,21,2,337,0,0,213,337,205,205,0,123,132,1
Will Clapp,39386,C,LAC,8,100.0,0,27,51.7,47.4,52.3,5,6,190,100.0,100.0,97.1,0,11,0,329,326,0,0,329,209,209,0,0,120,1
Laremy Tunsil,10647,T,HST,5,100.0,0,13,78.0,82.6,68.4,1,3,189,100.0,100.0,97.4,4,7,3,329,0,0,325,329,209,209,0,0,120,4
Elgton Jenkins,46298,G,GB,6,100.0,0,12,63.6,75.2,56.3,1,6,186,100.0,100.0,98.1,1,7,0,327,0,327,0,327,196,196,0,0,131,0
Atonio Mafi,82449,G,NE,7,100.0,1,19,29.3,31.5,30.5,1,16,200,100.0,100.0,93.7,4,21,4,319,0,267,0,319,209,209,52,0,110,0
Elijah Wilkinson,46238,G,ARZ,6,100.0,0,1,33.5,26.7,49.6,4,11,171,100.0,100.0,93.9,5,18,3,319,0,319,0,319,183,183,0,0,136,0
Vederian Lowe,59741,T,NE,6,100.0,0,19,40.7,28.8,57.4,2,21,183,100.0,100.0,91.5,2,27,4,317,0,0,77,317,192,192,0,239,125,1
Peter Skoronski,129737,G,TEN,5,100.0,0,31,59.6,61.1,56.6,3,10,179,100.0,100.0,95.8,0,14,1,315,0,314,0,315,199,199,0,0,116,0
Tyron Smith,6161,T,DAL,5,100.0,0,9,80.4,83.3,69.9,0,5,181,100.0,100.0,98.6,1,5,0,314,0,0,312,314,193,193,0,0,121,2
Anthony Bradford,99103,G,SEA,5,100.0,1,29,63.0,52.2,69.2,5,6,178,100.0,100.0,96.9,3,11,0,313,0,0,0,313,187,187,313,0,126,0
Andrus Peat,9446,T,NO,6,100.0,0,20,48.5,46.6,49.6,5,11,184,100.0,100.0,95.7,2,16,0,312,0,89,219,312,191,191,0,0,121,4
Chuma Edoga,46232,T,DAL,7,100.0,1,9,60.1,60.2,58.5,3,6,173,100.0,100.0,96.2,3,11,2,312,0,101,209,312,186,186,0,0,126,1
Liam Eichenberg,41851,C,MIA,8,100.0,0,17,36.2,35.2,38.9,2,3,176,100.0,100.0,97.4,2,7,2,304,288,16,0,304,187,187,0,0,117,0
Chandler Zavala,144009,G,CAR,5,100.0,0,5,27.7,9.6,44.0,6,18,192,100.0,100.0,92.2,2,27,3,302,0,225,0,302,207,207,77,0,95,0
Sidy Sow,59675,G,NE,5,100.0,0,19,58.7,59.3,58.1,1,6,194,100.0,100.0,98.2,2,7,0,293,0,0,0,293,203,203,293,0,90,0
Jake Curhan,38549,T,SEA,6,100.0,0,29,55.7,39.2,67.1,6,17,168,100.0,100.0,91.4,1,26,3,291,0,0,0,291,182,182,1,288,109,2
Cole Strange,22976,G,NE,5,100.0,0,19,51.0,53.8,51.1,2,11,177,100.0,100.0,95.8,2,14,1,291,0,291,0,291,186,186,0,0,105,0
Connor Williams,46216,C,MIA,5,100.0,0,17,77.1,70.6,81.6,1,2,167,100.0,100.0,99.1,5,3,0,290,290,0,0,290,174,174,0,0,116,0
Walker Little,52287,T,JAX,5,100.0,0,15,76.0,76.8,68.2,0,4,170,100.0,100.0,98.2,1,5,1,286,0,11,272,286,179,179,0,0,107,3
Justin Pugh,7800,T,NYG,4,100.0,0,21,52.8,37.9,64.1,0,8,144,100.0,100.0,94.4,3,12,4,283,0,72,211,283,156,156,0,0,127,0
Joe Tippmann,101568,G,NYJ,5,100.0,0,22,61.0,48.4,67.4,1,7,180,100.0,100.0,97.8,1,8,0,280,81,0,0,280,189,189,199,0,91,0
Charles Cross,98401,T,SEA,5,100.0,1,29,58.3,66.5,51.2,0,13,170,100.0,100.0,94.4,3,16,3,276,0,0,274,276,179,179,0,0,97,2
Cam Robinson,11789,T,JAX,4,100.0,0,15,66.1,85.2,50.2,0,3,151,100.0,100.0,97.7,2,5,2,276,0,0,268,276,162,162,0,0,114,8
Cole Kmet,60995,TE,CHI,10,48.6,0,6,71.0,56.4,54.3,0,1,40,12.8,12.9,98.7,2,1,0,270,0,0,1,556,42,325,0,0,228,321
Max Garcia,9566,G,NO,5,100.0,0,20,53.5,54.9,54.2,2,6,161,100.0,100.0,97.5,2,8,0,269,0,245,0,269,169,169,19,0,100,5
Joshua Ezeudu,77355,T,NYG,6,100.0,1,21,42.4,39.3,53.4,0,7,170,100.0,100.0,95.0,6,12,5,266,0,0,266,266,181,181,0,0,85,0
DeVonta Smith,61100,WR,PHI,9,40.7,0,24,66.3,,52.4,0,0,0,0.0,0.0,,0,0,0,253,0,0,0,622,0,369,0,0,253,1
Tytus Howard,25472,G,HST,4,100.0,0,13,50.4,55.4,47.5,2,6,136,100.0,100.0,97.1,0,8,0,252,0,252,0,252,150,150,0,0,102,0
Cam Jurgens,84014,G,PHI,4,100.0,0,24,65.2,58.3,64.3,0,5,129,100.0,100.0,98.1,0,5,0,251,0,0,0,251,136,136,251,0,115,0
Alijah Vera-Tucker,57107,T,NYJ,5,100.0,0,22,71.7,56.8,82.7,1,11,155,100.0,100.0,94.8,1,14,2,250,0,0,0,250,164,164,101,149,86,0
Dallas Goedert,47272,TE,PHI,9,43.7,0,24,71.5,79.4,76.3,0,0,13,4.1,3.9,100.0,2,0,0,250,0,0,0,572,13,335,0,0,237,310
Braxton Jones,60092,T,CHI,4,100.0,2,6,61.5,82.7,57.1,1,6,149,100.0,100.0,97.0,7,8,1,249,0,0,248,249,155,155,0,0,94,1
Max Mitchell,81707,T,NYJ,5,100.0,0,22,53.1,49.2,56.8,0,8,158,100.0,100.0,95.6,1,11,3,249,0,0,0,249,169,169,81,167,80,1
Phil Haynes,29244,G,SEA,5,100.0,2,29,52.0,65.1,56.1,1,3,158,100.0,100.0,96.8,5,7,3,248,0,73,0,248,172,172,175,0,76,0
Austin Schlottmann,30097,C,MIN,5,100.0,0,18,64.8,71.8,62.8,1,5,165,100.0,100.0,97.6,1,7,1,247,247,0,0,247,176,176,0,0,71,0
A.J. Brown,48327,WR,PHI,9,41.4,0,24,91.8,62.3,56.1,0,0,1,0.3,0.3,100.0,1,0,0,246,0,0,0,594,1,349,0,0,245,17
DJ Moore,48267,WR,CHI,10,39.8,1,6,84.5,,70.0,0,0,0,0.0,0.0,,2,0,0,241,0,0,0,605,0,363,0,0,241,1
Alec Pierce,78038,WR,IND,9,41.2,0,14,55.7,,53.4,0,0,0,0.0,0.0,,2,0,0,240,0,0,0,583,0,343,0,0,240,1
Michael Pittman Jr.,29049,WR,IND,9,39.2,0,14,69.4,70.4,54.6,0,0,2,0.6,0.5,100.0,5,0,0,238,0,0,0,607,2,371,0,0,236,26
Tyler Higbee,10744,TE,LA,9,42.5,0,26,58.5,74.3,60.4,0,1,23,7.2,7.9,97.8,1,1,0,234,0,0,0,550,27,343,0,0,207,351
Jared Goff,10635,QB,DET,8,40.6,0,11,88.3,,60.2,0,0,0,0.0,0.0,,3,0,0,231,0,0,0,569,0,323,0,0,231,0
Dalton Risner,47008,G,MIN,4,100.0,0,18,57.6,71.3,52.7,2,6,134,100.0,100.0,97.0,1,8,0,227,0,227,0,227,143,143,0,0,84,0
Dillon Radunz,30551,G,TEN,4,100.0,0,31,69.2,45.4,80.9,2,9,123,100.0,100.0,95.5,2,11,0,224,0,166,0,224,133,133,1,57,91,0
Josh Jones,26634,T,HST,4,100.0,0,13,48.5,54.1,52.0,3,5,137,100.0,100.0,96.4,5,9,1,221,0,63,144,221,147,147,0,14,74,0
David Njoku,11784,TE,CLV,8,45.8,0,8,71.6,64.0,66.9,0,2,29,10.9,10.0,93.1,0,3,1,220,0,0,2,480,29,289,0,1,191,301
Nate Davis,46808,G,CHI,4,100.0,0,6,55.6,53.8,54.2,2,9,127,100.0,100.0,95.7,0,11,0,220,0,0,0,220,132,132,220,0,88,0
Sam LaPorta,101690,TE,DET,8,45.8,0,11,72.7,69.2,63.6,0,1,23,8.6,9.0,97.8,0,1,0,215,0,0,0,469,25,279,0,0,190,291
Cade Otton,61071,TE,TB,8,42.5,0,30,55.0,48.1,50.4,0,2,31,10.4,9.7,96.8,1,2,0,214,0,0,0,504,31,321,0,0,183,287
Daniel Bellinger,84041,TE,NYG,9,64.1,0,21,46.1,51.7,57.5,0,0,44,27.3,29.4,93.2,3,3,3,214,0,0,0,334,50,170,0,0,164,219
Corey Linsley,8796,C,LAC,3,100.0,0,27,63.5,54.3,65.9,1,5,136,100.0,100.0,97.8,0,6,0,214,214,0,0,214,144,144,0,0,70,0
Ben Bartch,84236,G,JAX,4,100.0,0,15,55.5,45.7,58.1,2,5,131,100.0,100.0,95.8,0,9,2,212,0,209,0,212,137,137,3,0,75,0
Trevon Wesco,42018,TE,TEN,8,87.6,0,31,45.5,62.7,51.9,0,3,55,66.3,66.3,97.3,2,3,0,211,0,0,0,241,59,89,0,1,152,220
Kendrick Green,56642,G,HST,3,100.0,1,13,58.9,69.9,56.3,1,3,113,100.0,100.0,98.2,2,4,0,208,0,208,0,208,121,121,0,0,87,0
George Kittle,11901,TE,SF,8,46.3,0,28,84.9,77.3,83.2,1,0,21,8.8,8.4,97.6,2,1,0,207,0,0,0,447,22,261,0,0,185,323
Jalen Hurts,40291,QB,PHI,9,32.0,0,24,81.3,,60.0,0,0,0,0.0,0.0,,3,0,0,205,0,0,0,640,0,371,0,0,205,0
Durham Smythe,47257,TE,MIA,9,45.7,0,17,52.2,69.1,55.6,1,2,48,17.1,17.1,96.9,1,3,0,204,0,0,0,446,50,292,0,0,154,214
Brock Purdy,77672,QB,SF,8,41.4,0,28,73.0,,60.1,0,0,0,0.0,0.0,,4,0,0,203,0,0,0,490,0,272,0,0,203,0
Donovan Peoples-Jones,61439,WR,CLV,7,46.2,0,8,51.3,77.9,53.9,0,0,4,1.8,1.7,100.0,1,0,0,203,0,0,0,439,4,240,0,0,199,1
Desmond Ridder,55086,QB,ATL,8,39.4,0,2,48.6,61.3,60.2,0,0,1,0.4,0.3,100.0,4,0,0,202,0,0,0,513,1,296,0,0,201,0
Lamar Jackson,46416,QB,BLT,9,34.3,1,3,89.7,,60.1,0,0,0,0.0,0.0,,3,0,0,201,0,0,0,586,0,334,0,0,201,0
Michael Mayer,122906,TE,LV,9,55.9,1,23,60.1,75.4,50.2,0,0,27,15.3,15.6,100.0,3,0,0,199,0,0,1,356,29,186,0,0,170,269
Marquise Brown,61568,WR,ARZ,9,37.1,1,1,70.6,,45.2,0,0,0,0.0,0.0,,3,0,0,199,0,0,0,536,0,336,0,0,199,0
Austin Corbett,46290,G,CAR,3,100.0,0,5,56.2,59.1,51.4,1,7,132,100.0,100.0,94.7,0,11,3,198,0,0,0,198,139,139,198,0,59,0
C.J. Stroud,129759,QB,HST,8,36.5,0,13,79.0,61.3,60.3,0,0,1,0.3,0.3,100.0,2,0,0,197,0,0,0,540,1,332,0,0,196,0
MyCole Pruitt,9576,TE,ATL,9,82.0,0,2,58.0,55.7,51.3,0,0,48,55.8,52.7,97.9,0,1,1,196,0,0,10,239,48,91,0,1,148,194
Foster Moreau,47043,TE,NO,7,70.8,0,20,60.0,57.3,59.3,0,1,20,20.4,19.8,97.5,2,1,0,196,0,0,0,277,20,101,0,1,176,205
Trevor Lawrence,77632,QB,JAX,8,35.3,0,15,84.9,,60.2,0,0,0,0.0,0.0,,2,0,0,193,0,0,0,546,0,336,0,0,193,0
Halapoulivaati Vaitai,10798,G,DET,3,100.0,0,11,68.3,68.4,64.6,0,2,115,100.0,100.0,98.3,0,3,1,192,0,0,0,192,122,122,192,0,70,0
Zay Flowers,97268,WR,BLT,9,37.5,1,3,69.3,,64.3,0,0,0,0.0,0.0,,1,0,0,192,0,0,0,512,0,314,0,0,192,0
Brock Wright,60994,TE,DET,8,68.5,0,11,41.8,65.7,40.1,0,2,33,27.5,28.7,97.0,0,2,0,191,0,0,0,279,35,122,0,0,156,204
Joshua Dobbs,11890,QB,MIN,9,32.0,0,18,66.0,,60.4,0,0,0,0.0,0.0,,2,0,0,191,0,0,0,597,0,366,0,0,191,0
Broderick Jones,124025,T,PIT,5,100.0,0,25,64.3,58.5,64.4,2,3,100,100.0,100.0,97.5,1,5,0,190,0,0,122,190,108,108,0,64,82,4
Matthew Stafford,4924,QB,LA,8,36.5,0,26,83.7,,60.0,0,0,0,0.0,0.0,,5,0,0,190,0,0,0,521,0,329,0,0,190,0
Lester Cotton,46085,G,MIA,4,100.0,0,17,59.1,54.8,62.3,2,6,116,100.0,100.0,95.7,3,9,1,190,0,65,0,190,123,123,125,0,67,0
Puka Nacua,100632,WR,LA,9,34.9,0,26,82.6,62.5,63.0,1,0,3,0.9,0.8,83.3,2,1,0,189,0,0,0,541,3,353,0,0,186,0
Tua Tagovailoa,60326,QB,MIA,9,34.1,0,17,87.5,,60.1,0,0,0,0.0,0.0,,3,0,0,188,0,0,0,552,0,348,0,0,188,0
Amon-Ra St. Brown,84470,WR,DET,7,40.4,0,11,83.6,65.6,62.5,0,0,1,0.4,0.4,100.0,1,0,0,187,0,0,0,463,1,276,0,0,186,0
Darius Slayton,25578,WR,NYG,9,36.5,0,21,63.8,,43.9,0,0,0,0.0,0.0,,0,0,0,186,0,0,0,510,0,324,0,0,186,10
Thayer Munford Jr.,59994,T,LV,8,100.0,0,23,70.4,63.0,70.2,1,5,93,100.0,100.0,95.7,1,7,1,185,0,0,0,185,100,100,0,136,85,49
Derek Carr,8671,QB,NO,9,33.3,0,20,69.1,,61.3,0,0,0,0.0,0.0,,2,0,0,183,0,0,0,550,0,355,0,0,183,0
Davante Adams,8688,WR,LV,9,36.8,0,23,78.3,,49.3,0,0,0,0.0,0.0,,0,0,0,181,0,0,0,492,0,311,0,0,181,0
Amari Cooper,9437,WR,CLV,8,38.1,0,8,76.4,68.1,64.6,0,0,1,0.4,0.3,100.0,1,0,0,180,0,0,0,473,1,294,0,0,179,0
Bryce Young,123943,QB,CAR,8,32.9,1,5,50.0,,60.0,0,0,0,0.0,0.0,,5,0,0,179,0,0,0,544,0,363,0,0,179,0
Mac Jones,60323,QB,NE,9,33.1,0,19,58.5,,60.0,0,0,0,0.0,0.0,,3,0,0,178,0,0,0,538,0,346,0,0,178,0
Dak Prescott,10769,QB,DAL,8,34.5,0,9,82.5,,60.0,0,0,0,0.0,0.0,,3,0,0,178,0,0,0,516,0,324,0,0,178,0
Drake London,86519,WR,ATL,8,39.5,0,2,78.3,,61.8,0,0,0,0.0,0.0,,1,0,0,178,0,0,0,451,0,273,0,0,178,0
Gardner Minshew,41401,QB,IND,8,38.9,0,14,51.0,,60.3,0,0,0,0.0,0.0,,3,0,0,175,0,0,0,450,0,270,0,0,175,0
Adam Thielen,8288,WR,CAR,9,30.3,0,5,79.6,43.8,43.3,0,0,3,0.8,0.7,100.0,2,0,0,175,0,0,0,578,3,406,0,0,172,0
Ja'Tyre Carter,78432,G,CHI,5,100.0,0,6,49.0,67.2,44.8,0,4,98,100.0,100.0,96.9,1,5,1,175,0,11,0,175,100,100,159,5,75,0
Josh Reynolds,11872,WR,DET,8,41.5,1,11,74.1,61.6,68.9,0,0,1,0.4,0.4,100.0,2,0,0,175,0,0,0,422,1,248,0,0,174,0
Justin Herbert,28237,QB,LAC,8,32.4,0,27,74.4,,60.2,0,0,0,0.0,0.0,,1,0,0,175,0,0,0,540,0,352,0,0,175,0
Jakobi Meyers,47468,WR,LV,8,37.7,0,23,69.3,71.8,42.0,0,0,2,0.7,0.7,100.0,5,0,0,173,0,0,0,459,2,286,0,0,171,2
Jordan Love,40306,QB,GB,8,34.4,0,12,68.4,62.2,60.0,0,0,1,0.3,0.3,100.0,5,0,0,173,0,0,0,503,1,315,0,0,172,0
Royce Newman,41746,G,GB,4,100.0,0,12,46.1,53.0,45.9,1,7,109,100.0,100.0,95.4,1,9,1,173,0,173,0,173,118,118,0,0,55,0
Patrick Ricard,48862,FB,BLT,9,76.1,0,3,67.1,77.9,67.7,0,2,18,26.5,26.0,94.4,1,2,0,172,0,0,4,226,19,73,0,0,153,155
Hunter Henry,10669,TE,NE,9,39.6,1,19,67.0,82.2,51.6,0,0,12,4.6,4.7,100.0,3,0,0,171,0,0,0,432,13,274,0,0,158,246
Darnell Mooney,48236,WR,CHI,10,35.7,1,6,60.3,,39.5,0,0,0,0.0,0.0,,1,0,0,171,0,0,0,479,0,307,0,0,171,1
Baker Mayfield,46518,QB,TB,8,32.8,1,30,74.2,,60.0,0,0,0,0.0,0.0,,3,0,0,170,0,0,0,519,0,334,0,0,170,0
Russell Wilson,7077,QB,DEN,8,35.1,0,10,73.3,,60.0,0,0,0,0.0,0.0,,2,0,0,170,0,0,0,485,0,305,0,0,170,0
Wesley French,29608,C,IND,4,100.0,1,14,41.3,53.5,41.3,0,7,90,100.0,100.0,95.0,1,8,1,170,167,0,0,170,95,95,3,0,75,0
Patrick Mahomes,11765,QB,KC,9,29.0,0,16,87.1,60.9,60.6,0,0,1,0.3,0.3,100.0,3,0,0,169,0,0,0,583,1,400,0,0,168,0
Adam Trautman,109795,TE,DEN,8,43.3,1,10,43.7,53.4,50.6,1,2,27,11.8,11.6,94.4,2,3,0,169,0,0,1,390,29,250,0,2,140,221
Gabe Davis,55410,WR,BUF,9,32.6,0,4,66.6,77.4,37.3,0,0,5,1.5,1.4,100.0,0,0,0,168,0,0,0,515,5,351,0,0,163,26
T.J. Bass,131703,G,DAL,6,100.0,0,9,49.4,32.3,56.8,0,4,74,100.0,100.0,95.9,1,5,1,168,0,39,0,168,80,80,128,0,88,0
Sam Mustipher,13026,C,BLT,5,100.0,0,3,69.2,77.5,64.7,0,0,82,100.0,100.0,100.0,1,0,0,166,166,0,0,166,87,87,0,0,79,0
Chris Olave,84355,WR,NO,9,32.0,0,20,74.0,,57.3,0,0,0,0.0,0.0,,1,0,0,163,0,0,0,510,0,347,0,0,163,0
Sam Howell,97599,QB,WAS,9,26.3,0,32,66.6,,60.2,0,0,0,0.0,0.0,,3,0,0,162,0,0,0,616,0,447,0,0,162,0
Elijah Moore,84302,WR,CLV,8,35.4,0,8,58.4,0.0,43.7,0,1,1,0.4,0.3,50.0,0,1,0,162,0,0,0,458,1,288,0,0,161,0
T.J. Hockenson,40912,TE,MIN,9,32.5,0,18,73.0,70.7,57.8,0,2,19,5.7,5.6,94.7,1,2,0,162,0,0,0,498,20,356,0,0,142,305
Josh Allen,46601,QB,BUF,9,28.4,0,4,90.7,,60.0,0,0,0,0.0,0.0,,5,0,0,161,0,0,0,567,0,388,0,0,161,0
Cade Mays,81995,G,CAR,4,100.0,0,5,55.7,48.3,62.0,1,8,101,100.0,100.0,95.5,1,9,0,161,0,125,0,161,108,108,36,0,53,0
Jake Ferguson,61081,TE,DAL,8,40.3,0,9,73.5,80.1,66.3,0,0,13,5.5,6.0,100.0,1,0,0,160,0,0,1,397,15,252,0,0,145,255
Tutu Atwell,77965,WR,LA,9,32.0,0,26,67.4,,64.8,0,0,0,0.0,0.0,,0,0,0,160,0,0,0,500,0,335,0,0,160,0
Josh Oliver,47083,TE,MIN,9,67.7,0,18,74.5,67.6,83.2,0,0,35,33.0,35.0,97.1,2,1,1,159,0,0,0,235,41,117,0,0,118,221
Geno Smith,7820,QB,SEA,8,33.5,0,29,74.2,,60.7,0,0,0,0.0,0.0,,2,0,0,158,0,0,0,472,0,302,0,0,158,0
Tyre Phillips,59874,T,NYG,3,100.0,0,21,51.0,57.5,48.6,1,6,72,100.0,100.0,95.1,1,7,0,157,0,0,0,157,78,78,0,156,79,1
Michael Thomas,10681,WR,NO,9,32.2,1,20,66.6,,60.4,0,0,0,0.0,0.0,,2,0,0,157,0,0,0,488,0,331,0,0,157,0
Geoff Swaim,9679,TE,ARZ,9,73.2,0,1,51.3,63.5,51.5,1,1,24,30.8,33.7,95.8,0,2,0,156,0,0,0,213,29,86,0,0,127,198
Kenny Pickett,60515,QB,PIT,8,35.1,0,25,67.9,,60.0,0,0,0,0.0,0.0,,1,0,0,156,0,0,0,444,0,268,0,0,156,0
John Bates,42275,TE,WAS,9,58.2,0,32,56.1,78.9,64.0,0,0,41,28.1,26.8,100.0,3,0,0,156,0,0,0,268,41,153,0,3,115,205
Luke Farrell,42353,TE,JAX,8,70.8,0,15,47.2,59.5,43.3,0,1,22,26.8,27.3,93.2,2,2,1,155,0,0,4,219,24,88,0,3,131,182
Mark Andrews,47436,TE,BLT,8,36.8,0,3,78.4,71.0,58.5,0,0,6,2.3,2.6,100.0,0,0,0,155,0,0,6,421,7,272,0,8,148,50
Darren Waller,9637,TE,NYG,8,36.9,0,21,68.9,59.6,41.9,0,1,17,6.4,6.7,97.1,0,1,0,155,0,0,0,420,19,284,0,0,136,178
Zach Wilson,82096,QB,NYJ,8,31.2,0,22,59.0,,60.2,0,0,0,0.0,0.0,,0,0,0,154,0,0,0,494,0,330,0,0,154,0
Calvin Anderson,46247,T,NE,2,100.0,0,19,44.6,38.4,49.1,2,6,105,100.0,100.0,95.2,1,9,1,154,0,0,0,154,110,110,0,154,44,0
Josh Downs,122832,WR,IND,9,34.7,0,14,73.9,,53.8,0,0,0,0.0,0.0,,1,0,0,153,0,0,0,441,0,288,0,0,153,0
Calvin Ridley,48262,WR,JAX,8,32.8,0,15,63.6,,58.3,0,0,0,0.0,0.0,,2,0,0,150,0,0,0,458,0,304,0,0,150,0
Tyler Larsen,9304,C,WAS,2,100.0,0,32,58.4,31.1,71.6,2,6,107,100.0,100.0,96.3,0,8,0,150,150,0,0,150,110,110,0,0,40,0
Chris Paul,77579,G,WAS,2,100.0,0,32,54.0,40.7,59.5,5,1,107,100.0,100.0,97.2,1,6,0,150,0,150,0,150,110,110,0,0,40,0
Jonathan Mingo,97774,WR,CAR,8,31.7,0,5,55.6,62.3,66.8,0,0,1,0.3,0.3,100.0,1,0,0,149,0,0,0,470,1,322,0,0,148,0
Kirk Cousins,7102,QB,MIN,8,28.8,0,18,86.1,,60.0,0,0,0,0.0,0.0,,6,0,0,148,0,0,0,513,0,354,0,0,148,0
Jonnu Smith,11855,TE,ATL,9,39.2,1,2,64.7,77.2,46.9,0,1,26,10.7,10.9,98.1,3,1,0,148,0,0,1,378,28,257,0,0,120,164
George Pickens,99229,WR,PIT,8,33.3,1,25,69.8,,60.2,0,0,0,0.0,0.0,,5,0,0,148,0,0,0,444,0,295,0,0,148,2
Luke Musgrave,98499,TE,GB,8,40.8,0,12,60.4,42.3,60.0,1,1,21,9.3,9.7,95.2,1,2,0,148,0,0,0,363,23,238,0,0,125,232
K.J. Osborn,23503,WR,MIN,9,29.9,0,18,55.6,73.6,54.1,0,0,2,0.6,0.6,100.0,1,0,0,148,0,0,0,495,2,349,0,0,146,1
Michael Wilson,84423,WR,ARZ,8,36.0,0,1,70.5,68.1,70.5,0,0,1,0.4,0.4,100.0,1,0,0,147,0,0,0,408,1,262,0,0,146,0
Brandon Aiyuk,84109,WR,SF,7,41.6,0,28,91.7,69.0,72.4,0,0,1,0.5,0.5,100.0,0,0,0,147,0,0,0,353,1,207,0,0,146,0
Stefon Diggs,9579,WR,BUF,9,28.9,0,4,85.2,,61.3,0,0,0,0.0,0.0,,3,0,0,147,0,0,0,509,0,362,0,0,147,0
Noah Gray,60878,TE,KC,9,40.9,0,16,61.5,45.9,45.8,0,2,15,7.1,6.7,93.3,0,2,0,146,0,0,0,357,15,225,0,1,131,168
Nick Westbrook-Ikhine,47861,WR,TEN,8,41.8,1,31,60.6,78.2,36.9,0,0,7,3.7,3.3,100.0,3,0,0,145,0,0,0,347,7,209,0,0,138,1
Joe Burrow,28022,QB,CIN,8,28.4,0,7,78.7,,60.0,0,0,0,0.0,0.0,,3,0,0,145,0,0,0,511,0,351,0,0,145,0
Allen Robinson II,8696,WR,PIT,8,37.0,0,25,53.3,68.8,61.8,0,0,3,1.3,1.2,100.0,0,0,0,144,0,0,0,389,3,248,0,0,141,16
Darnell Washington,124044,TE,PIT,8,65.2,0,25,48.6,78.6,49.8,0,0,18,19.6,19.8,100.0,0,0,0,144,0,0,1,221,19,96,0,0,125,208
Dennis Daley,60063,G,ARZ,3,100.0,0,1,42.5,42.6,42.3,2,2,88,100.0,100.0,95.5,0,6,2,144,0,144,0,144,95,95,0,0,49,0
Romeo Doubs,84329,WR,GB,8,35.6,0,12,71.3,,71.5,0,0,0,0.0,0.0,,0,0,0,144,0,0,0,405,0,261,0,0,144,0
Trey McBride,75916,TE,ARZ,9,47.2,0,1,67.3,63.5,52.0,0,0,6,3.9,5.4,100.0,3,0,0,142,0,0,1,301,9,168,0,0,133,188
Van Jefferson,47447,WR,ATL,9,34.5,0,2,49.4,,46.0,0,0,0,0.0,0.0,,4,0,0,142,0,0,0,412,0,269,0,0,142,0
Courtland Sutton,48164,WR,DEN,8,33.6,0,10,72.1,62.3,64.3,0,0,1,0.4,0.4,100.0,2,0,0,142,0,0,0,423,1,282,0,0,141,4
Mack Hollins,11873,WR,ATL,9,48.3,0,2,65.9,66.1,59.5,0,0,1,0.7,0.7,100.0,1,0,0,141,0,0,0,292,1,152,0,0,140,12
Chris Manhertz,10211,TE,DEN,8,80.1,0,10,55.8,61.1,58.1,1,2,33,50.0,48.5,95.5,1,3,0,141,0,0,3,176,33,68,0,0,108,158
Terron Armstead,7856,T,MIA,3,100.0,0,17,79.0,85.8,68.9,0,1,78,100.0,100.0,99.4,0,1,0,141,0,0,141,141,83,83,0,0,58,0
Keenan Allen,7857,WR,LAC,8,29.2,0,27,83.2,77.5,36.2,0,0,3,0.9,0.9,100.0,1,0,0,140,0,0,0,479,3,342,0,0,137,1
Terry McLaurin,48229,WR,WAS,9,26.9,0,32,72.0,,50.9,0,0,0,0.0,0.0,,0,0,0,140,0,0,0,521,0,381,0,0,140,0
Chigoziem Okonkwo,84000,TE,TEN,8,39.1,1,31,56.1,62.3,57.8,0,0,24,10.8,10.3,100.0,5,0,0,140,0,0,0,358,25,242,0,1,115,146
Jack Stoll,42058,TE,PHI,9,67.8,0,24,43.2,45.0,59.4,0,1,15,19.5,18.5,96.7,1,1,0,139,0,0,1,205,15,81,0,7,124,180
Andrew Ogletree,138351,TE,IND,8,57.4,0,14,74.4,79.6,66.6,0,0,12,11.0,12.0,100.0,0,0,0,139,0,0,0,242,14,117,0,0,125,182
Alec Ingold,34934,FB,MIA,9,61.2,0,17,51.3,80.1,41.7,0,1,20,20.2,19.8,97.5,0,1,0,137,0,0,0,224,21,106,0,0,116,42
Nico Collins,61441,WR,HST,8,34.7,0,13,84.4,,70.2,0,0,0,0.0,0.0,,0,0,0,137,0,0,0,395,0,258,0,0,137,1
Marcedes Lewis,2973,TE,CHI,10,88.4,0,6,76.0,72.0,71.3,0,0,29,63.0,61.7,100.0,2,0,0,137,0,0,0,155,29,47,0,0,108,155
Allen Lazard,48135,WR,NYJ,8,31.5,0,22,56.7,74.9,65.9,0,0,2,0.7,0.7,100.0,4,0,0,136,0,0,0,432,2,298,0,0,134,7
Kyle Juszczyk,7912,FB,SF,8,54.0,0,28,53.1,57.4,56.6,0,0,10,8.8,9.1,90.0,0,1,1,135,0,0,0,250,11,121,0,0,124,76
Colby Parkinson,52266,TE,SEA,8,54.7,1,29,62.9,69.4,71.9,0,0,20,15.9,15.8,100.0,4,0,0,135,0,0,0,247,21,133,0,0,114,154
Andrew Beck,47121,FB,HST,8,67.5,0,13,53.3,83.8,59.5,0,0,19,25.3,24.7,100.0,0,0,0,135,0,0,0,200,20,81,0,0,115,60
Evan Engram,11778,TE,JAX,8,31.5,0,15,71.2,60.9,59.1,0,0,4,1.4,1.4,100.0,2,0,0,134,0,0,0,425,4,295,0,2,130,129
Kayode Awosika,44909,G,DET,3,100.0,0,11,69.5,52.6,72.7,2,4,80,100.0,100.0,95.0,0,7,1,134,0,134,0,134,81,81,0,0,53,0
Aaron Stinnie,28653,G,TB,3,100.0,0,30,78.3,64.4,80.2,1,2,82,100.0,100.0,98.2,0,3,0,134,0,133,0,134,90,90,0,0,44,1
Ja'Marr Chase,84270,WR,CIN,8,27.9,0,7,85.2,,57.2,0,0,0,0.0,0.0,,0,0,0,134,0,0,0,481,0,344,0,0,134,0
Jaylon Moore,43678,T,SF,7,100.0,0,28,73.6,68.5,72.8,1,2,73,100.0,100.0,97.9,0,3,0,133,0,0,133,133,77,77,0,0,56,0
Nelson Agholor,9453,WR,BLT,9,42.2,1,3,63.3,36.3,61.3,0,1,1,0.6,0.5,50.0,1,1,0,132,0,0,0,313,1,182,0,0,131,9
Garrett Wilson,97405,WR,NYJ,8,28.7,0,22,78.0,,59.8,0,0,0,0.0,0.0,,1,0,0,131,0,0,0,456,0,324,0,0,131,0
Teagan Quitoriano,84036,TE,HST,7,82.3,0,13,60.1,59.4,56.5,0,3,25,49.0,49.1,94.0,0,3,0,130,0,0,0,158,27,55,0,0,103,148
Ryan Tannehill,7014,QB,TEN,6,38.6,0,31,72.0,,60.7,0,0,0,0.0,0.0,,0,0,0,130,0,0,0,337,0,202,0,0,130,0
Dalton Schultz,47304,TE,HST,8,34.9,0,13,67.9,67.4,61.4,0,1,15,6.3,6.6,96.7,0,1,0,130,0,0,0,372,17,259,0,0,113,225
Dawson Knox,35883,TE,BUF,7,40.8,0,4,51.7,74.8,49.0,0,0,17,8.9,8.8,100.0,1,0,0,129,0,0,0,316,18,205,0,3,111,173
Brenton Strange,101694,TE,JAX,8,67.7,1,15,46.5,66.9,47.8,0,2,18,24.3,24.7,94.4,4,2,0,128,0,0,0,189,20,81,0,1,108,104
Trystan Colon,41117,G,ARZ,5,100.0,1,1,63.7,63.1,66.5,1,2,78,100.0,100.0,96.8,1,4,1,128,7,121,0,128,87,87,0,0,41,0
Deshaun Watson,11767,QB,CLV,5,41.5,0,8,68.3,,60.9,0,0,0,0.0,0.0,,3,0,0,127,0,0,0,306,0,170,0,0,127,0
Christian Kirk,47546,WR,JAX,8,30.2,0,15,70.7,75.7,42.4,0,0,1,0.4,0.3,100.0,0,0,0,127,0,0,0,421,1,294,0,0,126,0
Chris Godwin,11839,WR,TB,8,30.4,0,30,78.4,,57.6,0,0,0,0.0,0.0,,0,0,0,127,0,0,0,418,0,290,0,0,127,2
Mo Alie-Cox,12078,TE,IND,9,63.2,0,14,64.6,46.1,64.5,0,2,21,23.3,24.5,90.5,0,3,1,127,0,0,2,201,24,98,0,2,103,173
Gerald Everett,11799,TE,LAC,7,45.0,0,27,64.5,73.0,57.6,0,0,18,11.5,11.1,100.0,1,0,0,126,0,0,0,280,19,171,0,0,107,164
Luke Schoonmaker,84005,TE,DAL,8,70.0,0,9,41.8,57.9,52.1,0,1,12,18.8,20.6,95.8,1,1,0,126,0,0,0,180,14,68,0,1,112,158
Nate Herbig,28844,G,PIT,2,100.0,0,25,55.7,39.8,60.1,0,8,69,100.0,100.0,92.8,0,9,1,125,0,0,0,125,73,73,125,0,52,0
CeeDee Lamb,61570,WR,DAL,8,29.0,0,9,89.4,,50.6,0,0,0,0.0,0.0,,3,0,0,125,0,0,0,431,0,303,0,0,125,0
Tyson Bagent,169628,QB,CHI,5,40.8,0,6,57.4,,60.3,0,0,0,0.0,0.0,,0,0,0,124,0,0,0,304,0,167,0,0,124,0
Billy Turner,8702,T,NYJ,4,100.0,1,22,48.2,53.9,44.8,1,9,85,100.0,100.0,90.6,1,13,3,124,0,0,7,124,90,90,36,81,34,0
Kendrick Bourne,12270,WR,NE,8,33.2,0,19,67.2,,46.5,0,0,0,0.0,0.0,,3,0,0,123,0,0,0,371,0,247,0,0,123,3
Rashod Bateman,84296,WR,BLT,8,42.1,1,3,58.4,,56.9,0,0,0,0.0,0.0,,1,0,0,123,0,0,0,292,0,168,0,0,123,1
Isaiah Hodgins,52130,WR,NYG,9,41.0,0,21,53.9,73.5,54.1,0,0,2,1.2,1.1,100.0,0,0,0,123,0,0,0,300,2,179,0,0,121,11
Harrison Bryant,26394,TE,CLV,8,67.0,0,8,49.8,80.4,42.4,0,0,6,10.2,10.9,100.0,0,0,0,122,0,0,1,182,7,64,0,0,115,113
Colby Sorsdal,87479,G,DET,2,100.0,1,11,47.8,36.6,55.1,2,4,53,100.0,100.0,94.3,1,6,0,122,0,0,0,122,55,55,86,36,67,0
Jordan Addison,123000,WR,MIN,9,26.6,0,18,70.2,,46.8,0,0,0,0.0,0.0,,0,0,0,122,0,0,0,458,0,335,0,0,122,0
Deebo Samuel,48274,WR,SF,6,42.5,0,28,76.6,76.9,57.2,0,0,3,2.1,2.0,100.0,1,0,0,122,0,0,0,287,3,153,0,0,119,3
Jahan Dotson,84375,WR,WAS,9,23.9,1,32,59.3,,35.9,0,0,0,0.0,0.0,,2,0,0,121,0,0,0,506,0,385,0,0,121,0
Brock Hoffman,54535,C,DAL,5,100.0,0,9,61.3,75.9,60.4,0,1,60,100.0,100.0,99.2,2,1,0,121,120,0,0,121,66,66,0,0,55,0
Tyler Conklin,47124,TE,NYJ,8,34.5,0,22,61.2,59.3,48.6,0,1,14,6.1,5.8,96.4,0,1,0,120,0,0,0,348,14,242,0,0,106,171
DeVante Parker,9447,WR,NE,7,36.5,0,19,59.7,,69.6,0,0,0,0.0,0.0,,0,0,0,120,0,0,0,329,0,209,0,0,120,0
Tyler Lockett,9502,WR,SEA,8,30.2,0,29,77.4,,58.3,0,0,0,0.0,0.0,,0,0,0,119,0,0,0,394,0,275,0,0,119,0
Travis Kelce,7844,TE,KC,8,31.2,2,16,84.2,70.6,48.8,0,1,8,3.1,3.3,93.7,6,1,0,119,0,0,0,381,9,271,0,1,110,126
DJ Chark Jr.,47702,WR,CAR,7,29.8,0,5,56.0,,44.8,0,0,0,0.0,0.0,,0,0,0,118,0,0,0,396,0,278,0,0,118,0
Nicholas Petit-Frere,82003,T,TEN,3,100.0,1,31,35.5,27.4,55.4,5,3,56,100.0,100.0,87.5,4,11,3,117,0,0,62,117,65,65,0,53,52,2
Donald Parham Jr.,91014,TE,LAC,8,46.6,0,27,57.3,74.6,49.6,1,0,21,14.7,14.6,97.6,2,1,0,117,0,0,0,251,23,157,0,0,94,164
Andrew Thomas,59701,T,NYG,2,100.0,1,21,67.8,61.4,75.7,0,6,75,100.0,100.0,93.3,2,8,2,116,0,0,116,116,77,77,0,0,39,0
Drew Sample,47259,TE,CIN,8,64.4,0,7,57.9,82.3,65.1,1,0,29,31.9,31.9,98.3,0,1,0,116,0,0,0,180,30,94,0,0,86,139
Michael Gallup,26075,WR,DAL,8,33.0,0,9,58.3,,39.1,0,0,0,0.0,0.0,,0,0,0,115,0,0,0,349,0,234,0,0,115,0
Noah Fant,42388,TE,SEA,8,45.1,0,29,72.7,72.1,60.8,0,1,17,11.6,11.4,91.2,1,2,1,115,0,0,0,255,18,158,0,0,97,164
Mike Evans,8642,WR,TB,8,30.4,0,30,75.9,,40.9,0,0,0,0.0,0.0,,3,0,0,115,0,0,0,378,0,263,0,0,115,0
Tyreek Hill,10799,WR,MIA,9,28.5,0,17,93.0,,62.5,0,0,0,0.0,0.0,,2,0,0,114,0,0,0,400,0,284,0,0,114,8
Skyy Moore,97116,WR,KC,9,33.4,0,16,58.3,,52.3,0,0,0,0.0,0.0,,0,0,0,113,0,0,0,338,0,222,0,0,113,3
Tommy Tremble,84025,TE,CAR,9,51.4,0,5,58.8,50.4,47.5,1,0,12,10.6,10.1,95.8,2,1,0,113,0,0,0,220,12,119,0,0,101,144
Wan'Dale Robinson,101735,WR,NYG,7,38.5,1,21,64.3,,42.2,0,0,0,0.0,0.0,,1,0,0,111,0,0,0,288,0,173,0,0,111,17
Austin Hooper,10715,TE,LV,9,42.5,0,23,58.3,75.9,54.2,0,1,18,11.5,11.2,97.2,0,1,0,111,0,0,0,261,19,169,0,0,92,181
Cooper Kupp,11824,WR,LA,5,38.1,0,26,78.8,,71.6,0,0,0,0.0,0.0,,0,0,0,110,0,0,0,289,0,179,0,0,110,0
Julian Hill,88685,TE,MIA,7,65.3,0,17,39.7,52.9,44.6,0,0,15,22.4,20.5,100.0,2,0,0,109,0,0,0,167,15,73,0,1,94,99
Logan Thomas,8755,TE,WAS,8,27.2,0,32,64.4,71.9,67.7,0,1,19,6.4,7.1,92.1,2,2,1,109,0,0,0,401,22,312,0,0,87,138
Juwan Johnson,28305,TE,NO,5,45.2,0,20,53.0,74.5,54.1,0,0,6,4.5,4.3,100.0,2,0,0,109,0,0,0,241,6,138,0,0,103,112
Jimmy Garoppolo,8697,QB,LV,6,33.5,0,23,65.6,,60.0,0,0,0,0.0,0.0,,1,0,0,108,0,0,0,322,0,202,0,0,108,0
Justin Fields,82118,QB,CHI,6,31.0,0,6,73.6,,60.1,0,0,0,0.0,0.0,,3,0,0,108,0,0,0,348,0,210,0,0,108,0
Yosh Nijman,60822,T,GB,6,100.0,1,12,64.7,75.7,58.6,0,1,57,100.0,100.0,97.4,1,2,1,108,0,0,96,108,62,62,0,12,46,0
Joshua Palmer,62979,WR,LAC,7,29.4,0,27,67.3,,51.8,0,0,0,0.0,0.0,,0,0,0,107,0,0,0,364,0,257,0,0,107,2
Robert Woods,7822,WR,HST,6,35.0,1,13,63.7,36.3,58.3,0,1,1,0.5,0.5,50.0,1,1,0,106,0,0,0,303,1,198,0,0,105,1
C.J. Uzomah,9590,TE,NYJ,8,51.7,0,22,72.2,50.9,85.0,0,1,18,16.5,15.4,91.7,0,2,1,106,0,0,0,205,18,117,0,0,88,164
Tyler Boyd,10689,WR,CIN,8,24.8,0,7,62.6,66.2,42.6,0,0,1,0.3,0.3,100.0,1,0,0,106,0,0,0,428,1,322,0,0,105,0
Will Dissly,30762,TE,SEA,7,58.6,0,29,68.9,78.3,75.2,0,0,16,18.0,21.1,100.0,2,0,0,106,0,0,2,181,20,95,0,2,86,142
Kyle Pitts,83964,TE,ATL,9,27.9,0,2,69.5,73.1,34.4,0,0,3,1.1,1.1,100.0,1,0,0,105,0,0,1,377,3,275,0,0,102,92
Jaylen Waddle,84088,WR,MIA,8,30.7,0,17,84.5,,64.8,0,0,0,0.0,0.0,,0,0,0,105,0,0,0,342,0,235,0,0,105,0
Chris Moore,10741,WR,TEN,8,46.5,0,31,60.8,68.1,53.9,0,0,1,0.9,0.8,100.0,0,0,0,105,0,0,0,226,1,122,0,0,104,1
Robert Jones,100786,G,MIA,2,100.0,0,17,46.2,31.1,52.2,0,2,64,100.0,100.0,98.4,2,2,0,105,0,105,0,105,70,70,0,0,35,0
Olamide Zaccheaus,44920,WR,PHI,9,33.9,0,24,50.4,,45.2,0,0,0,0.0,0.0,,0,0,0,105,0,0,0,310,0,205,0,0,105,0
Blake Bell,9550,TE,KC,9,69.1,0,16,37.9,41.7,55.6,1,1,12,22.6,22.0,91.7,0,2,0,103,0,0,0,149,13,59,0,1,90,126
Olusegun Oluwatimi,98581,C,SEA,3,100.0,0,29,56.2,80.8,50.1,0,1,47,100.0,100.0,98.9,0,1,0,103,103,0,0,103,49,49,0,0,54,0
Rondale Moore,62890,WR,ARZ,9,26.1,0,1,53.4,,51.7,0,0,0,0.0,0.0,,0,0,0,102,0,0,0,391,0,271,0,0,102,0
Duane Brown,4340,T,NYJ,2,100.0,1,22,51.8,41.5,56.8,3,3,59,100.0,100.0,91.5,1,8,2,101,0,0,101,101,63,63,0,0,38,0
Pharaoh Brown,12247,TE,NE,9,71.1,0,19,92.8,71.0,65.3,0,0,10,20.4,21.2,100.0,0,0,0,101,0,0,0,142,11,52,0,1,90,129
James Hudson III,59854,T,CLV,6,99.0,0,8,46.6,37.9,50.8,2,2,39,97.5,97.8,94.9,0,4,0,101,0,0,34,102,44,45,0,43,57,24
D.K. Metcalf,47864,WR,SEA,7,29.5,1,29,75.1,,62.7,0,0,0,0.0,0.0,,5,0,0,101,0,0,0,342,0,241,0,0,101,0
Mike Gesicki,47153,TE,NE,9,32.9,0,19,60.0,70.3,41.2,0,0,2,1.0,1.0,100.0,0,0,0,100,0,0,0,304,2,206,0,0,98,48
Rashee Rice,97605,WR,KC,9,36.4,0,16,79.4,69.0,65.6,0,0,1,0.6,0.6,100.0,0,0,0,100,0,0,0,275,1,175,0,0,99,1
JuJu Smith-Schuster,11817,WR,NE,7,42.5,0,19,56.2,,48.1,0,0,0,0.0,0.0,,2,0,0,99,0,0,0,233,0,134,0,0,99,2
Keith Smith,9302,FB,ATL,8,84.5,0,2,50.3,67.4,46.0,0,0,21,60.0,55.0,95.2,0,1,1,98,0,0,0,116,22,40,0,0,76,8
Trey Palmer,99248,WR,TB,8,29.6,0,30,51.4,,50.0,0,0,0,0.0,0.0,,4,0,0,98,0,0,0,331,0,233,0,0,98,1
Tyler Scott,123578,WR,CHI,10,39.1,0,6,56.4,79.6,50.1,0,0,3,2.1,2.0,100.0,1,0,0,97,0,0,0,248,3,148,0,0,94,5
Cedrick Wilson Jr.,48170,WR,MIA,7,47.5,0,17,64.6,,47.4,0,0,0,0.0,0.0,,1,0,0,97,0,0,0,204,0,107,0,0,97,0
DeAndre Hopkins,7808,WR,TEN,8,27.4,0,31,80.1,,59.0,0,0,0,0.0,0.0,,2,0,0,96,0,0,0,350,0,254,0,0,96,0
Charlie Woerner,42257,TE,SF,8,78.0,0,28,63.6,30.9,75.8,0,3,9,26.5,27.0,83.3,1,3,0,96,0,0,0,123,10,37,0,0,86,105
P.J. Walker,12134,QB,CLV,4,43.4,0,8,31.1,,60.5,0,0,0,0.0,0.0,,1,0,0,96,0,0,0,221,0,117,0,0,96,0
Zach Ertz,7816,TE,ARZ,7,32.2,0,1,50.8,29.4,49.5,0,0,2,1.1,1.5,100.0,0,0,0,95,0,0,0,295,3,203,0,0,92,124
David Quessenberry,7957,T,MIN,2,100.0,0,18,67.1,83.4,44.7,1,3,63,100.0,100.0,96.8,0,4,0,94,0,0,94,94,67,67,0,0,27,0
Jalin Hyatt,124282,WR,NYG,9,31.4,0,21,61.2,,68.7,0,0,0,0.0,0.0,,0,0,0,94,0,0,0,299,0,205,0,0,94,0
Jalen Tolbert,61637,WR,DAL,8,44.3,0,9,62.6,,47.2,0,0,0,0.0,0.0,,0,0,0,93,0,0,0,210,0,117,0,0,93,0
Isaiah Likely,83955,TE,BLT,9,52.0,0,3,56.1,54.0,50.2,0,0,4,4.9,4.5,100.0,1,0,0,92,0,0,5,177,4,89,0,2,88,100
Brandin Cooks,8655,WR,DAL,7,28.0,1,9,59.0,,52.9,0,0,0,0.0,0.0,,1,0,0,92,0,0,0,328,0,233,0,0,92,0
Dalton Kincaid,91791,TE,BUF,8,26.1,0,4,68.7,70.2,57.8,0,0,1,0.4,0.4,100.0,4,0,0,92,0,0,0,352,1,261,0,0,91,122
Michael Deiter,38554,C,HST,3,100.0,0,13,61.6,55.2,63.8,0,0,62,100.0,100.0,98.4,1,1,1,91,76,14,0,91,70,70,0,1,21,0
Shane Lemieux,28149,G,NYG,2,100.0,0,21,34.3,26.1,39.3,0,5,63,100.0,100.0,94.4,0,6,1,91,0,90,0,91,67,67,0,0,24,0
Cameron Erving,9452,T,NO,1,100.0,0,20,60.0,74.9,40.8,0,1,59,100.0,100.0,99.2,0,1,0,90,0,0,0,90,62,62,0,90,28,0
Christian Watson,66581,WR,GB,5,37.0,0,12,59.2,65.5,55.8,0,0,1,0.7,0.7,100.0,1,0,0,90,0,0,0,243,1,153,0,0,89,10
Connor Heyward,57301,TE,PIT,8,39.1,1,25,53.5,78.3,42.2,0,0,7,5.1,4.8,100.0,1,0,0,90,0,0,0,230,7,146,0,0,83,161
Trent Sherfield,48021,WR,BUF,9,46.6,0,4,53.1,65.4,35.4,0,0,1,1.0,1.0,100.0,1,0,0,90,0,0,0,193,1,104,0,0,89,1
Tank Dell,78874,WR,HST,7,28.3,0,13,77.8,,46.7,0,0,0,0.0,0.0,,0,0,0,89,0,0,0,314,0,216,0,0,89,0
Marquez Valdes-Scantling,47809,WR,KC,9,23.6,0,16,56.0,,46.6,0,0,0,0.0,0.0,,1,0,0,88,0,0,0,373,0,285,0,0,88,0
Tucker Kraft,104034,TE,GB,8,62.9,1,12,45.3,77.8,54.4,0,0,9,15.5,16.1,100.0,2,0,0,88,0,0,0,140,10,62,0,0,78,119
Michael Dunn,39676,G,CLV,4,100.0,0,8,57.4,43.5,59.9,1,1,38,100.0,100.0,94.7,0,3,1,88,0,75,1,88,44,44,0,0,44,12
Rashid Shaheed,63707,WR,NO,9,23.5,0,20,72.9,,62.1,0,0,0,0.0,0.0,,1,0,0,87,0,0,0,371,0,278,0,0,87,0
Jeremy Ruckert,84029,TE,NYJ,8,60.6,1,22,62.2,55.2,65.6,0,0,7,11.5,11.1,100.0,2,0,0,86,0,0,0,142,7,63,0,0,79,110
Odell Beckham Jr.,8647,WR,BLT,7,31.9,0,3,64.3,,49.5,0,0,0,0.0,0.0,,1,0,0,86,0,0,0,270,0,184,0,0,86,0
Josh Jacobs,45953,HB,LV,9,20.1,0,23,63.4,44.2,56.9,2,3,55,24.9,25.9,93.6,2,6,1,85,0,0,0,422,60,232,0,0,25,0
Jake Bobo,77997,WR,SEA,8,48.3,0,29,79.4,59.8,74.3,0,0,1,1.1,2.2,100.0,0,0,0,85,0,0,0,176,2,92,0,0,83,2
Matt Nelson,48584,T,DET,3,100.0,0,11,58.0,71.6,53.9,1,1,47,100.0,100.0,97.9,1,2,0,85,0,0,0,85,49,49,0,84,36,1
Justin Jefferson,61398,WR,MIN,5,28.3,1,18,89.9,,58.5,0,0,0,0.0,0.0,,1,0,0,84,0,0,0,297,0,213,0,0,84,0
Tee Higgins,61211,WR,CIN,7,25.3,1,7,68.3,,70.7,0,0,0,0.0,0.0,,2,0,0,83,0,0,0,328,0,245,0,0,83,1
Daniel Jones,39395,QB,NYG,6,25.5,0,21,63.0,,60.0,0,0,0,0.0,0.0,,0,0,0,83,0,0,0,326,0,221,0,0,83,0
Nick Harris,46752,C,CLV,8,96.5,0,8,62.0,75.4,64.4,0,1,33,91.7,92.1,98.5,1,1,0,83,45,0,0,86,35,38,0,0,48,9
Ko Kieft,41372,TE,TB,8,70.9,0,30,50.3,75.6,58.7,0,1,14,30.4,29.2,96.4,0,1,0,83,0,0,0,117,14,48,0,0,69,89
Khalil Shakir,84140,WR,BUF,9,40.2,0,4,77.2,69.9,63.9,0,0,3,2.5,2.4,100.0,0,0,0,82,0,0,0,204,3,125,0,0,79,8
Jakob Johnson,32565,FB,LV,8,71.3,0,23,46.1,81.9,49.3,0,0,10,23.8,26.7,100.0,2,0,0,82,0,0,0,115,12,45,0,0,70,8
Kylen Granson,40630,TE,IND,7,31.4,0,14,55.5,72.7,49.8,0,0,3,1.7,1.6,100.0,1,0,0,82,0,0,0,261,3,182,0,0,79,126
KhaDarel Hodge,26104,WR,ATL,9,41.4,0,2,67.5,,55.0,0,0,0,0.0,0.0,,0,0,0,82,0,0,0,198,0,115,0,0,82,0
Wes Schweitzer,10829,G,NYJ,2,100.0,0,22,43.7,42.9,42.4,0,4,51,100.0,100.0,94.1,1,5,1,81,10,0,0,81,55,55,71,0,26,0
Josiah Deguara,47034,TE,GB,8,56.7,1,12,52.4,30.2,51.4,0,0,9,13.4,15.3,100.0,2,0,0,80,0,0,0,141,11,72,0,0,69,44
Jauan Jennings,48027,WR,SF,7,34.5,0,28,68.7,69.6,79.2,0,0,2,1.4,1.3,100.0,2,0,0,79,0,0,0,229,2,152,0,0,77,2
Marvin Jones Jr.,7158,WR,DET,6,44.4,0,11,43.8,72.7,43.3,0,0,2,2.1,2.0,100.0,0,0,0,79,0,0,0,178,2,101,0,0,77,0
Jayden Reed,78171,WR,GB,8,26.8,0,12,64.3,62.4,42.3,0,0,1,0.5,0.5,100.0,2,0,0,78,0,0,0,291,1,212,0,0,77,3
Jaxon Smith-Njigba,129758,WR,SEA,8,25.8,0,29,60.3,65.4,57.6,0,1,1,0.5,0.5,50.0,0,1,0,77,0,0,0,298,1,222,0,0,76,0
Travis Etienne Jr.,57185,HB,JAX,8,17.2,0,15,71.5,54.5,70.4,1,5,52,20.5,19.6,92.3,1,7,1,77,0,0,0,448,53,270,0,0,24,0
Terrace Marshall Jr.,84271,WR,CAR,8,26.9,0,5,57.6,,62.1,0,0,0,0.0,0.0,,1,0,0,77,0,0,0,286,0,209,0,0,77,0
Brady Christensen,51985,G,CAR,1,100.0,0,5,56.7,51.4,57.5,0,4,42,100.0,100.0,95.2,0,4,0,77,0,77,0,77,46,46,0,0,31,0
Jimmy Graham,5619,TE,NO,7,55.5,0,20,47.9,27.0,52.7,0,0,3,5.0,4.7,100.0,1,0,0,76,0,0,0,137,3,64,0,0,73,89
Stone Smartt,60492,TE,LAC,8,48.4,0,27,42.4,49.4,33.4,0,0,5,6.2,8.0,100.0,1,0,0,76,0,0,0,157,7,88,0,0,69,90
Robert Tonyan,12193,TE,CHI,10,46.6,0,6,47.1,51.9,37.2,0,1,5,5.8,5.5,90.0,1,1,0,75,0,0,0,161,5,91,0,0,70,82
Keith Kirkwood,48017,WR,NO,7,62.0,0,20,45.3,,45.0,0,0,0,0.0,0.0,,1,0,0,75,0,0,0,121,0,46,0,0,75,12
Dontayvion Wicks,99711,WR,GB,8,34.1,0,12,67.8,,77.1,0,0,0,0.0,0.0,,2,0,0,75,0,0,0,220,0,144,0,0,75,8
Treylon Burks,99218,WR,TEN,5,36.2,0,31,51.6,,60.5,0,0,0,0.0,0.0,,2,0,0,75,0,0,0,207,0,130,0,0,75,0
Calvin Austin III,61418,WR,PIT,8,29.6,0,25,58.6,,80.5,0,0,0,0.0,0.0,,0,0,0,75,0,0,0,253,0,171,0,0,75,0
Tony Pollard,27126,HB,DAL,8,19.2,0,9,66.9,85.6,56.7,0,1,51,22.4,22.6,99.0,0,1,0,74,0,0,0,385,55,243,0,0,19,0
Hayden Hurst,47294,TE,CAR,9,23.3,0,5,44.7,78.7,28.3,0,0,5,2.2,2.0,100.0,2,0,0,74,0,0,0,318,5,249,0,0,69,157
Mitchell Wilcox,47234,TE,CIN,8,68.9,0,7,44.0,75.8,47.0,0,0,6,16.2,15.4,100.0,0,0,0,73,0,0,0,106,6,39,0,0,67,92
Curtis Samuel,11795,WR,WAS,8,22.6,0,32,71.9,61.6,60.0,0,0,1,0.4,0.4,100.0,0,0,0,72,0,0,0,318,1,242,0,0,71,2
Daniel Faalele,81734,T,BLT,6,100.0,0,3,40.9,29.4,47.8,1,1,33,100.0,100.0,90.9,0,4,2,72,0,0,11,72,36,36,0,54,36,7
Tyrod Taylor,6332,QB,NYG,7,35.8,0,21,66.8,,60.3,0,0,0,0.0,0.0,,0,0,0,72,0,0,0,201,0,123,0,0,72,0
C.J. Ham,11347,FB,MIN,9,55.1,0,18,55.5,69.1,63.5,0,3,29,35.8,35.2,94.8,0,3,0,70,0,0,0,127,31,88,0,0,39,21
Jerry Jeudy,61103,WR,DEN,7,24.0,0,10,66.2,,44.4,0,0,0,0.0,0.0,,0,0,0,70,0,0,0,292,0,222,0,0,70,0
Ben Skowronek,27948,WR,LA,9,59.3,0,26,56.8,62.3,49.8,0,0,1,2.2,2.1,100.0,0,0,0,70,0,0,0,118,1,47,0,0,69,6
Tim Jones,61669,WR,JAX,8,46.9,0,15,48.9,,49.3,0,0,0,0.0,0.0,,0,0,0,69,0,0,0,147,0,78,0,0,69,6
Scott Miller,47481,WR,ATL,9,46.3,0,2,60.5,,66.4,0,0,0,0.0,0.0,,0,0,0,69,0,0,0,149,0,80,0,0,69,0
Tyler Steen,81921,G,PHI,2,100.0,0,24,54.5,21.2,66.3,1,5,38,100.0,100.0,92.1,0,6,0,68,0,0,0,68,41,41,68,0,27,0
Alexander Mattison,45817,HB,MIN,9,17.2,0,18,58.0,59.4,45.3,2,0,52,21.7,21.3,94.2,0,4,2,68,0,0,0,396,55,258,0,0,13,12
Braxton Berrios,47961,WR,MIA,9,26.6,0,17,63.6,65.3,42.2,0,0,1,0.6,0.5,100.0,1,0,0,67,0,0,0,252,1,185,0,0,66,0
Chase Claypool,42312,WR,MIA,6,38.4,0,17,53.8,70.4,47.1,0,0,2,1.9,1.9,100.0,2,0,0,66,0,0,0,172,2,108,0,0,64,0
Quentin Johnston,123085,WR,LAC,8,26.5,0,27,60.3,,49.6,0,0,0,0.0,0.0,,0,0,0,65,0,0,0,245,0,179,0,0,65,0
Lil'Jordan Humphrey,42247,WR,DEN,8,42.2,0,10,53.1,32.3,56.9,0,0,2,2.5,2.2,100.0,0,0,0,65,0,0,0,154,2,91,0,0,63,4
Conor McDermott,11966,T,NE,1,100.0,0,19,73.0,71.5,70.9,0,2,46,100.0,100.0,97.8,0,2,0,64,0,0,64,64,47,47,0,0,17,0
Joshua Kelley,13750,HB,LAC,8,24.9,0,27,57.0,31.0,59.4,1,8,50,31.8,30.6,89.0,0,10,1,64,0,0,0,257,52,170,0,0,12,0
Jack Driscoll,27064,T,PHI,3,100.0,0,24,35.2,40.0,29.5,1,6,42,100.0,100.0,89.3,0,8,1,64,0,0,1,64,43,43,0,60,21,3
Tyjae Spears,97195,HB,TEN,8,24.5,0,31,74.6,90.1,44.1,0,1,31,18.1,18.8,98.4,1,1,0,63,0,0,0,257,36,191,0,0,27,5
Ronnie Bell,84288,WR,SF,7,65.3,0,28,63.1,,66.8,0,0,0,0.0,0.0,,0,0,0,62,0,0,0,95,0,33,0,0,62,0
Jordan Akins,47050,TE,CLV,8,61.0,0,8,51.0,55.7,49.0,0,0,3,7.1,7.1,66.7,0,1,1,61,0,0,0,100,3,42,0,0,58,79
Devin Duvernay,40006,WR,BLT,9,46.9,1,3,51.6,,68.8,0,0,0,0.0,0.0,,1,0,0,61,0,0,0,130,0,66,0,0,61,1
Blake Hance,46301,G,JAX,5,100.0,0,15,57.2,40.4,59.9,0,1,25,100.0,100.0,98.0,0,1,0,60,0,0,3,60,27,27,41,1,33,15
Taysom Hill,12112,TE,NO,9,21.6,0,20,72.3,56.1,61.5,0,0,3,1.8,1.7,100.0,0,0,0,60,0,0,0,278,3,175,0,0,57,45
Gus Edwards,46027,HB,BLT,9,22.1,0,3,73.1,55.8,60.3,0,2,23,19.0,20.0,95.7,1,2,0,60,0,0,0,271,25,125,0,0,35,0
Christian McCaffrey,11763,HB,SF,8,14.6,0,28,84.6,18.8,39.7,0,4,22,10.3,10.3,90.9,0,4,0,60,0,0,0,411,24,232,0,0,36,12
Kenneth Gainwell,77737,HB,PHI,8,26.2,0,24,48.7,41.7,51.9,1,3,28,20.4,20.4,92.9,0,4,0,60,0,0,0,229,29,142,0,0,31,1
Deven Thompkins,84480,WR,TB,8,38.0,0,30,59.5,,46.7,0,0,0,0.0,0.0,,1,0,0,60,0,0,0,158,0,96,0,0,60,1
Quintin Morris,61182,TE,BUF,7,72.8,0,4,69.4,68.0,72.8,0,0,5,20.8,21.4,100.0,0,0,0,59,0,0,0,81,6,28,0,0,53,61
Saquon Barkley,45791,HB,NYG,6,17.3,0,21,70.6,78.6,56.3,0,1,37,20.4,19.3,98.6,0,1,0,59,0,0,0,342,37,192,0,0,22,1
Khari Blasingame,44889,FB,CHI,9,58.6,0,6,56.2,43.7,76.0,0,0,13,29.5,28.3,92.3,0,1,1,58,0,0,0,99,13,46,0,0,45,13
Zack Moss,40341,HB,IND,8,17.0,0,14,68.2,58.3,58.0,0,3,42,23.7,22.9,96.4,0,3,0,58,0,0,0,341,44,192,0,0,14,0
Bijan Robinson,123126,HB,ATL,9,14.4,0,2,67.1,44.3,41.4,0,2,35,13.4,13.0,97.1,1,2,0,58,0,0,0,403,36,277,0,0,22,1
Zach Pascal,12303,WR,ARZ,8,46.4,0,1,52.4,,49.9,0,0,0,0.0,0.0,,0,0,0,58,0,0,0,125,0,67,0,0,58,10
Xavier Newman,58525,C,NYJ,2,100.0,0,22,41.6,11.1,65.0,1,3,35,100.0,100.0,88.6,1,6,2,58,36,12,0,58,38,38,10,0,20,0
Justin Watson,66915,WR,KC,8,23.7,0,16,64.9,,45.9,0,0,0,0.0,0.0,,0,0,0,57,0,0,0,241,0,184,0,0,57,2
D'Andre Swift,57212,HB,PHI,9,14.5,0,24,63.3,30.8,55.8,0,3,25,12.0,11.4,90.0,1,4,1,56,0,0,0,387,25,220,0,0,31,1
Aidan O'Connell,60516,QB,LV,3,38.1,0,23,48.7,,60.0,0,0,0,0.0,0.0,,0,0,0,56,0,0,0,147,0,88,0,0,56,0
David Edwards,35941,G,BUF,8,96.6,0,4,81.6,62.2,86.6,0,0,13,86.7,88.2,100.0,1,0,0,56,0,17,1,58,15,17,0,0,41,38
David Bakhtiari,7891,T,GB,1,100.0,0,12,78.3,89.9,68.6,0,0,30,100.0,100.0,100.0,0,0,0,55,0,0,55,55,30,30,0,0,25,0
Peyton Hendershot,60915,TE,DAL,3,57.3,0,9,41.0,80.3,51.9,0,0,5,11.4,13.0,100.0,0,0,0,55,0,0,0,96,6,46,0,0,49,61
Ray-Ray McCloud III,47895,WR,SF,8,33.7,0,28,60.5,,78.9,0,0,0,0.0,0.0,,0,0,0,55,0,0,0,163,0,106,0,0,55,0
Rachaad White,131633,HB,TB,8,13.6,0,30,73.1,65.9,57.5,0,2,39,15.0,14.8,97.4,0,2,0,55,0,0,0,405,41,277,0,0,14,0
Tre' McKitty,60896,TE,LAC,6,83.1,1,27,30.4,57.2,39.1,0,0,11,55.0,52.2,100.0,2,0,0,54,0,0,0,65,12,23,0,0,42,50
Lynn Bowden,61361,WR,NO,7,63.5,0,20,50.7,,69.1,0,0,0,0.0,0.0,,0,0,0,54,0,0,0,85,0,31,0,0,54,18
Cornelius Lucas,9025,T,WAS,3,100.0,0,32,69.2,89.7,52.5,0,0,32,100.0,100.0,100.0,0,0,0,54,0,0,51,54,33,33,0,0,21,3
Joe Mixon,11803,HB,CIN,8,14.2,1,7,66.9,47.3,60.7,1,1,38,16.7,16.5,97.4,2,2,0,54,0,0,0,381,39,237,0,0,15,0
Trenton Irwin,48080,WR,CIN,7,33.3,0,7,56.6,,50.9,0,0,0,0.0,0.0,,0,0,0,54,0,0,0,162,0,108,0,0,54,3
Charlie Kolar,60917,TE,BLT,6,85.7,0,3,43.7,72.5,54.4,0,0,3,25.0,25.0,100.0,0,0,0,54,0,0,2,63,3,12,0,1,51,52
Rhamondre Stevenson,98689,HB,NE,9,14.6,0,19,70.5,84.4,36.6,0,1,37,15.7,15.9,98.6,0,1,0,54,0,0,0,369,39,245,0,0,15,0
Cedric Tillman,84434,WR,CLV,5,54.5,0,8,56.0,62.3,61.3,0,0,1,2.3,2.2,100.0,0,0,0,54,0,0,0,99,1,46,0,0,53,0
Mike Williams,11762,WR,LAC,3,31.7,0,27,74.6,,75.0,0,0,0,0.0,0.0,,0,0,0,53,0,0,0,167,0,113,0,0,53,1
Chuba Hubbard,57373,HB,CAR,9,16.4,0,5,69.1,53.6,43.8,0,5,45,21.6,21.9,90.0,0,7,2,53,0,0,0,324,49,224,0,0,4,0
Brian Robinson,57120,HB,WAS,9,17.2,0,32,71.1,44.9,66.6,1,4,40,23.3,23.4,91.2,0,6,1,53,0,0,0,309,43,184,0,0,10,1
Will Levis,83542,QB,TEN,2,37.1,0,31,63.4,,60.6,0,0,0,0.0,0.0,,1,0,0,52,0,0,0,140,0,82,0,0,52,0
Irv Smith Jr.,42060,TE,CIN,6,23.5,0,7,43.3,70.6,49.0,0,0,2,1.2,1.2,100.0,0,0,0,52,0,0,0,221,2,171,0,0,50,113
Kalif Raymond,11028,WR,DET,8,28.7,0,11,75.2,,71.6,0,0,0,0.0,0.0,,0,0,0,52,0,0,0,181,0,125,0,0,52,0
Justice Hill,45865,HB,BLT,8,21.3,0,3,63.5,47.0,66.4,0,2,29,19.6,19.9,93.1,0,3,1,52,0,0,0,244,33,166,0,0,19,1
Michael Burton,9601,FB,DEN,8,63.0,0,10,64.3,76.3,61.7,0,0,11,33.3,34.2,100.0,0,0,0,51,0,0,0,81,13,38,0,0,38,5
Demario Douglas,104155,WR,NE,8,24.1,0,19,78.7,,62.4,0,0,0,0.0,0.0,,0,0,0,51,0,0,0,212,0,157,0,0,51,0
Kelvin Beachum,7229,T,ARZ,2,100.0,0,1,56.4,54.4,54.7,0,1,32,100.0,100.0,92.2,1,3,2,51,0,0,51,51,34,34,0,0,17,0
Zay Jones,11792,WR,JAX,3,35.7,0,15,61.3,66.2,41.9,0,0,1,1.1,1.1,100.0,0,0,0,51,0,0,0,143,1,93,0,0,50,0
John Metchie III,97400,WR,HST,7,47.6,1,13,65.1,,57.5,0,0,0,0.0,0.0,,1,0,0,50,0,0,0,105,0,55,0,0,50,1
Brandon Johnson,40666,WR,DEN,7,26.9,0,10,55.4,,59.2,0,0,0,0.0,0.0,,3,0,0,50,0,0,0,186,0,136,0,0,50,1
Emari Demercado,77763,HB,ARZ,8,22.3,0,1,72.7,66.2,42.8,0,0,33,22.4,21.8,100.0,0,0,0,49,0,0,0,220,34,156,0,0,15,0
Robbie Chosen,11254,WR,MIA,4,56.3,0,17,60.1,,46.7,0,0,0,0.0,0.0,,0,0,0,49,0,0,0,87,0,38,0,0,49,0
Josh Whyle,54037,TE,TEN,7,69.0,0,31,66.2,72.4,45.1,0,1,11,36.7,37.1,95.5,1,1,0,49,0,0,0,71,13,35,0,0,36,44
Pat Freiermuth,84085,TE,PIT,4,32.2,0,25,54.0,74.0,52.1,0,0,5,5.0,4.6,100.0,1,0,0,49,0,0,0,152,5,108,0,0,44,117
Noah Brown,11993,WR,HST,4,27.1,1,13,78.8,66.9,73.1,0,0,1,0.8,0.8,100.0,1,0,0,49,0,0,0,181,1,133,0,0,48,1
Tremayne Anchrum Jr.,41813,G,LA,3,100.0,0,26,49.5,41.1,52.4,0,1,37,100.0,100.0,95.9,1,2,1,49,0,0,0,49,39,39,49,0,10,0
Brandon Powell,48036,WR,MIN,7,25.3,0,18,63.5,76.7,39.3,0,0,4,2.9,3.4,100.0,0,0,0,49,0,0,0,194,5,146,0,0,44,0
Diontae Johnson,33441,WR,PIT,4,26.8,1,25,81.0,,53.3,0,0,0,0.0,0.0,,2,0,0,49,0,0,0,183,0,134,0,0,49,0
Isiah Pacheco,83747,HB,KC,9,14.5,0,16,78.6,47.6,60.4,1,4,34,18.3,18.5,92.6,0,5,0,48,0,0,0,332,36,195,0,0,12,1
Jaylen Warren,98692,HB,PIT,8,21.5,1,25,70.4,27.0,55.6,1,4,31,21.2,21.6,85.5,1,7,2,48,0,0,0,223,33,153,0,0,15,4
Jameson Williams,101701,WR,DET,4,43.2,0,11,46.0,61.8,56.4,0,0,1,1.6,1.6,100.0,0,0,0,48,0,0,0,111,1,64,0,0,47,0
Anthony Richardson,124393,QB,IND,4,27.7,0,14,52.2,,60.0,0,0,0,0.0,0.0,,1,0,0,48,0,0,0,173,0,107,0,0,48,0
Ian Thomas,42130,TE,CAR,5,54.5,0,5,57.8,28.5,63.7,0,1,7,15.6,14.9,78.6,1,2,1,48,0,0,0,88,7,47,0,0,41,79
Jalen Mayfield,81725,G,NYG,2,100.0,0,21,26.1,0.0,39.4,0,5,30,100.0,100.0,91.7,2,5,0,47,0,0,0,47,32,32,46,0,15,1
Hunter Luepke,91319,FB,DAL,8,66.7,0,9,60.8,68.5,53.3,0,0,1,5.3,4.8,100.0,0,0,0,46,0,0,0,69,1,21,0,0,45,4
Alvin Kamara,11822,HB,NO,6,15.6,0,20,66.4,25.8,55.3,1,4,30,17.2,16.8,91.7,0,5,0,46,0,0,0,295,31,184,0,0,15,0
Raheem Mostert,9783,HB,MIA,9,13.6,0,17,87.3,67.4,67.9,0,2,16,8.8,9.7,93.7,0,2,0,46,0,0,0,337,19,195,0,0,27,1
Khalil Herbert,41668,HB,CHI,5,24.5,0,6,79.3,85.4,48.0,0,0,17,16.8,16.3,100.0,0,0,0,45,0,0,0,184,17,104,0,0,28,1
Kyren Williams,97118,HB,LA,6,13.4,0,26,74.4,58.9,58.6,1,1,37,16.7,16.3,97.3,1,2,0,45,0,0,0,337,38,233,0,0,7,0
James Conner,11860,HB,ARZ,5,23.3,0,1,85.5,90.9,66.6,0,0,24,25.3,26.7,100.0,0,0,0,45,0,0,0,193,28,105,0,0,17,0
Olisaemeka Udoh,28394,T,MIN,2,100.0,0,18,52.4,49.8,50.5,1,1,36,100.0,100.0,94.4,0,3,1,45,0,0,45,45,37,37,0,0,8,0
Riley Reiff,7029,G,NE,1,100.0,0,19,60.0,63.4,57.0,0,1,27,100.0,100.0,98.1,0,1,0,45,0,13,0,45,29,29,32,0,16,0
Dan Skipper,12307,G,DET,3,100.0,0,11,56.6,82.7,57.4,0,0,17,100.0,100.0,100.0,1,0,0,45,0,25,0,45,19,19,0,16,26,4
Marvin Mims Jr.,122937,WR,DEN,8,31.5,0,10,70.1,,57.3,0,0,0,0.0,0.0,,0,0,0,45,0,0,0,143,0,94,0,0,45,3
Tommy DeVito,60545,QB,NYG,2,48.9,0,21,60.6,,60.1,0,0,0,0.0,0.0,,1,0,0,45,0,0,0,92,0,44,0,0,45,0
Quez Watkins,61664,WR,PHI,3,38.3,0,24,51.9,,51.5,0,0,0,0.0,0.0,,0,0,0,44,0,0,0,115,0,71,0,0,44,1
AJ Dillon,57165,HB,GB,8,15.8,0,12,70.6,65.0,60.4,0,1,28,17.5,19.1,94.6,0,2,1,44,0,0,0,279,33,173,0,0,11,5
Equanimeous St. Brown,47967,WR,CHI,3,46.8,0,6,57.7,,49.5,0,0,0,0.0,0.0,,0,0,0,44,0,0,0,94,0,50,0,0,44,3
Hunter Renfrow,47509,WR,LV,9,21.9,0,23,51.7,,43.2,0,0,0,0.0,0.0,,0,0,0,44,0,0,0,201,0,157,0,0,44,0
Kenneth Walker III,97199,HB,SEA,8,14.2,0,29,72.0,42.2,59.2,0,2,28,18.7,18.3,96.4,2,2,0,43,0,0,0,303,30,164,0,0,13,5
Matt Peart,46179,T,NYG,5,100.0,0,21,35.8,53.1,37.7,1,3,25,100.0,100.0,92.0,1,4,0,43,0,0,26,43,28,28,0,3,15,14
Jalen Reagor,61697,WR,NE,4,36.1,0,19,50.6,,56.5,0,0,0,0.0,0.0,,0,0,0,43,0,0,0,119,0,76,0,0,43,0
Rakim Jarrett,129519,WR,TB,8,49.4,1,30,50.5,,57.5,0,0,0,0.0,0.0,,1,0,0,43,0,0,0,87,0,43,0,0,43,1
Antonio Gibson,78050,HB,WAS,9,15.5,0,32,66.7,67.5,59.9,1,2,36,15.3,16.0,93.1,0,4,1,43,0,0,0,278,40,250,0,0,3,3
Kevin Rader,30887,TE,TEN,5,85.7,0,31,41.7,78.1,41.7,0,0,6,46.2,50.0,100.0,0,0,0,42,0,0,0,49,7,14,0,0,35,35
Najee Harris,57121,HB,PIT,8,15.7,0,25,63.4,67.3,60.6,0,3,21,15.3,15.2,92.9,0,3,0,42,0,0,0,267,22,145,0,0,20,4
Jason Peters,2148,T,SEA,2,100.0,1,29,50.4,38.3,69.5,0,5,28,100.0,100.0,91.1,2,5,0,41,0,0,0,41,28,28,0,41,13,0
Jerick McKinnon,8731,HB,KC,9,21.8,0,16,60.8,50.1,43.9,0,3,24,16.4,16.0,93.7,0,3,0,41,0,0,0,188,26,162,0,0,15,10
Parris Campbell,47940,WR,NYG,8,23.7,0,21,52.4,,66.5,0,0,0,0.0,0.0,,0,0,0,41,0,0,0,173,0,132,0,0,41,4
Matt Breida,12271,HB,NYG,9,18.9,0,21,54.4,77.7,57.2,0,1,23,16.4,17.5,97.8,0,1,0,40,0,0,0,212,27,154,0,0,13,4
Storm Norton,12188,T,ATL,1,100.0,0,2,68.5,69.5,66.3,0,0,21,100.0,100.0,100.0,0,0,0,40,0,0,0,40,22,22,0,40,18,0
Dyami Brown,77986,WR,WAS,9,23.9,0,32,57.4,,57.6,0,0,0,0.0,0.0,,1,0,0,39,0,0,0,163,0,123,0,0,39,1
Austin Deculus,59821,T,HST,2,100.0,0,13,62.7,53.6,64.6,3,0,18,100.0,100.0,91.7,0,3,0,39,0,0,38,39,22,22,0,0,17,1
Ross Dwelley,20994,TE,SF,8,70.9,0,28,52.9,69.6,47.7,0,0,1,5.9,5.9,100.0,0,0,0,39,0,0,0,55,1,17,0,0,38,42
Jerome Ford,83601,HB,CLV,8,13.0,0,8,67.3,59.3,68.2,0,1,26,16.0,14.7,94.2,0,2,1,39,0,0,0,299,26,177,0,0,13,10
Grant Calcaterra,60997,TE,PHI,7,73.6,0,24,59.9,77.7,65.9,0,0,3,17.6,17.6,100.0,0,0,0,39,0,0,0,53,3,17,0,0,36,35
Antoine Green,77985,WR,DET,7,43.8,0,11,50.2,,57.1,0,0,0,0.0,0.0,,0,0,0,39,0,0,0,89,0,50,0,0,39,0
Reggie Gilliam,40951,FB,BUF,8,74.5,0,4,61.4,41.2,70.9,0,1,5,27.8,27.8,90.0,1,1,0,38,0,0,0,51,5,18,0,0,33,23
Randall Cobb,6216,WR,NYJ,6,22.0,0,22,46.5,,31.2,0,0,0,0.0,0.0,,0,0,0,38,0,0,0,173,0,135,0,0,38,0
Jamaal Williams,11889,HB,NO,5,29.5,0,20,55.5,66.1,63.6,0,2,16,24.2,26.5,93.7,0,2,0,38,0,0,0,129,18,68,0,0,20,1
Taylor Heinicke,9896,QB,ATL,2,35.8,0,2,65.3,,60.0,0,0,0,0.0,0.0,,0,0,0,38,0,0,0,106,0,68,0,0,38,0
Devin Singletary,40485,HB,HST,8,16.7,0,13,55.8,29.3,79.4,0,1,20,15.6,16.0,92.5,0,2,1,37,0,0,0,222,23,144,0,0,14,0
Samori Toure,25276,WR,GB,7,36.3,0,12,63.8,,65.2,0,0,0,0.0,0.0,,1,0,0,37,0,0,0,102,0,65,0,0,37,5
Cole Turner,84330,TE,WAS,8,34.3,0,32,60.4,17.1,67.6,0,1,1,1.5,2.7,50.0,0,1,0,37,0,0,0,108,2,73,0,0,35,49
Kadarius Toney,61245,WR,KC,9,26.4,0,16,63.8,,68.5,0,0,0,0.0,0.0,,0,0,0,37,0,0,0,140,0,97,0,0,37,1
Sean McKeon,42266,TE,DAL,5,71.2,0,9,60.8,76.5,66.4,0,0,5,26.3,25.0,100.0,0,0,0,37,0,0,0,52,5,20,0,0,32,46
Nick Bawden,27413,FB,NYJ,8,70.6,0,22,43.0,26.7,43.3,0,0,4,23.5,26.3,100.0,1,0,0,36,0,0,0,51,5,19,0,0,31,0
Jon Feliciano,9561,G,SF,2,100.0,0,28,73.2,82.4,69.4,0,0,10,100.0,100.0,100.0,0,0,0,36,15,21,0,36,11,11,0,0,25,0
Ezekiel Elliott,10638,HB,NE,9,16.7,0,19,66.4,59.8,60.0,2,0,23,18.9,18.8,95.7,0,2,0,36,0,0,0,215,24,128,0,0,12,2
Derrick Henry,10679,HB,TEN,8,12.9,0,31,88.6,87.0,58.3,0,0,20,17.9,18.3,100.0,0,0,0,36,0,0,0,278,22,120,0,0,14,0
Ben Sims,77918,TE,GB,8,76.1,0,12,66.6,59.2,51.0,0,0,6,40.0,35.3,83.3,0,1,1,35,0,0,0,46,6,17,0,0,29,38
Zach Thomas,43641,T,LA,1,100.0,0,26,22.8,8.6,55.9,0,3,26,100.0,100.0,86.5,1,5,2,35,0,0,35,35,29,29,0,0,6,0
Johnny Mundt,12206,TE,MIN,9,60.3,0,18,69.1,73.6,59.9,0,0,3,12.5,11.5,100.0,1,0,0,35,0,0,0,58,3,26,0,0,32,45
Abraham Lucas,60218,T,SEA,1,100.0,0,29,69.8,76.2,64.2,0,0,19,100.0,100.0,100.0,0,0,0,35,0,0,0,35,22,22,0,35,13,0
Landon Young,41761,T,NO,5,100.0,0,20,66.2,43.4,65.8,0,0,6,100.0,100.0,83.3,0,1,1,35,0,0,1,35,8,8,0,0,27,34
Andrei Iosivas,109811,WR,CIN,8,47.3,0,7,65.2,,42.7,0,0,0,0.0,0.0,,0,0,0,35,0,0,0,74,0,39,0,0,35,1
Latavius Murray,7962,HB,BUF,9,17.7,0,4,69.7,83.7,60.0,0,1,22,17.1,15.9,97.7,1,1,0,34,0,0,0,192,22,138,0,0,12,1
D'Onta Foreman,11844,HB,CHI,6,17.7,0,6,77.1,49.5,55.6,1,2,16,18.8,18.4,90.6,1,3,0,34,0,0,0,192,16,87,0,0,18,0
Jamal Agnew,11920,WR,JAX,7,23.1,0,15,54.3,,77.6,0,0,0,0.0,0.0,,2,0,0,34,0,0,0,147,0,109,0,0,34,0
Malik Heath,124173,WR,GB,4,59.6,0,12,45.0,,53.2,0,0,0,0.0,0.0,,0,0,0,34,0,0,0,57,0,23,0,0,34,1
James Cook,83666,HB,BUF,9,9.9,0,4,73.3,22.1,59.3,0,4,21,10.2,11.5,90.5,0,4,0,33,0,0,0,334,25,217,0,0,8,0
Brycen Hopkins,47338,TE,LA,9,50.8,0,26,61.9,56.7,58.2,0,0,4,11.1,11.1,100.0,1,0,0,33,0,0,0,65,4,36,0,0,29,44
Asim Richards,99674,T,DAL,4,100.0,0,9,66.4,60.0,66.6,0,1,11,100.0,100.0,95.5,0,1,0,33,0,5,27,33,12,12,0,0,21,0
River Cracraft,47417,WR,MIA,3,47.1,0,17,73.1,,66.1,0,0,0,0.0,0.0,,0,0,0,33,0,0,0,70,0,37,0,0,33,0
Justyn Ross,78021,WR,KC,7,40.7,0,16,44.2,,31.3,0,0,0,0.0,0.0,,1,0,0,33,0,0,0,81,0,48,0,0,33,0
Tyler Allgeier,83639,HB,ATL,9,14.5,0,2,73.8,88.2,55.1,0,0,21,22.3,23.2,100.0,0,0,0,33,0,0,0,227,23,99,0,0,10,0
Breece Hall,97636,HB,NYJ,8,12.8,0,22,72.0,66.3,60.0,0,1,20,14.1,14.8,97.5,0,1,0,33,0,0,0,257,22,149,0,0,11,0
Geron Christian,46375,T,HST,1,100.0,0,13,60.5,63.8,67.8,0,0,13,100.0,100.0,100.0,1,0,0,33,0,0,33,33,13,13,0,0,20,0
Tank Bigsby,123974,HB,JAX,8,37.5,1,15,46.2,41.9,75.1,1,1,14,32.6,32.6,92.9,1,2,0,33,0,0,0,88,15,46,0,0,18,0
David Montgomery,45719,HB,DET,5,16.4,0,11,69.6,68.1,60.0,0,2,25,26.3,26.3,96.0,1,2,0,33,0,0,0,201,26,99,0,0,7,0
Roschon Johnson,99467,HB,CHI,8,18.8,1,6,68.2,62.9,57.3,0,2,24,20.2,21.1,95.8,1,2,0,32,0,0,0,170,27,128,0,0,5,5
DeAndre Carter,9859,WR,LV,9,44.4,0,23,51.9,,50.0,0,0,0,0.0,0.0,,0,0,0,32,0,0,0,72,0,38,0,0,32,1
Brett Rypien,46487,QB,LA,2,39.7,1,26,48.1,,60.0,0,0,0,0.0,0.0,,3,0,0,31,0,0,0,78,0,47,0,0,31,0
Xavier Gipson,104136,WR,NYJ,6,30.4,0,22,54.1,,71.8,0,0,0,0.0,0.0,,0,0,0,31,0,0,0,102,0,67,0,0,31,0
Trayveon Williams,45775,HB,CIN,8,33.0,0,7,59.9,68.3,52.3,1,0,15,23.4,23.9,96.7,0,1,0,30,0,0,0,91,16,67,0,0,14,4
Laviska Shenault Jr.,61220,WR,CAR,6,34.1,0,5,67.9,,61.2,0,0,0,0.0,0.0,,0,0,0,30,0,0,0,88,0,47,0,0,30,1
Brian Hoyer,5277,QB,LV,3,37.5,0,23,57.9,,60.0,0,0,0,0.0,0.0,,0,0,0,30,0,0,0,80,0,47,0,0,30,0
Quinn Bailey,46669,T,DEN,6,100.0,0,10,52.3,75.4,52.3,0,0,4,100.0,100.0,100.0,1,0,0,30,0,0,0,30,5,5,0,0,25,30
Lawrence Cager,34914,TE,NYG,4,51.8,0,21,56.7,73.7,63.0,0,0,5,19.2,18.2,100.0,0,0,0,29,0,0,0,56,6,33,0,0,23,34
Byron Pringle,42345,WR,WAS,8,35.8,0,32,71.3,61.6,53.5,0,0,1,1.9,1.9,100.0,1,0,0,29,0,0,0,81,1,53,0,0,28,1
Adam Prentice,35639,FB,NO,5,50.9,1,20,36.5,17.2,52.2,0,0,1,3.6,3.6,100.0,1,0,0,29,0,0,0,57,1,28,0,0,28,2
Dameon Pierce,83659,HB,HST,7,12.8,0,13,71.1,85.1,55.5,0,0,17,17.0,17.1,100.0,0,0,0,29,0,0,0,226,18,105,0,0,11,0
Isaiah McKenzie,11927,WR,IND,9,39.4,0,14,62.5,,60.0,0,0,0,0.0,0.0,,0,0,0,28,0,0,0,71,0,42,0,0,28,0
Tre Tucker,101106,WR,LV,8,20.9,0,23,62.4,,59.2,0,0,0,0.0,0.0,,1,0,0,28,0,0,0,134,0,101,0,0,28,0
KaVontae Turpin,47658,WR,DAL,8,35.9,0,9,72.5,66.2,56.8,0,0,1,2.3,2.2,100.0,1,0,0,28,0,0,0,78,1,45,0,0,27,0
David Wells,34985,TE,TB,4,71.8,0,30,46.5,78.9,58.7,0,0,4,26.7,26.7,100.0,0,0,0,28,0,0,0,39,4,15,0,0,24,30
Brevin Jordan,77887,TE,HST,5,52.8,0,13,76.5,71.3,67.2,0,0,2,8.0,7.4,100.0,1,0,0,28,0,0,0,53,2,27,0,0,26,37
Dorian Thompson-Robinson,83574,QB,CLV,3,36.0,0,8,38.9,,60.1,0,0,0,0.0,0.0,,1,0,0,27,0,0,0,75,0,47,0,0,27,0
Trishton Jackson,41247,WR,MIN,5,34.6,0,18,54.9,,60.8,0,0,0,0.0,0.0,,0,0,0,27,0,0,0,78,0,51,0,0,27,0
Miles Boykin,48209,WR,PIT,7,58.7,0,25,55.1,,56.0,0,0,0,0.0,0.0,,0,0,0,27,0,0,0,46,0,19,0,0,27,1
Samaje Perine,11869,HB,DEN,8,14.8,0,10,62.0,49.1,59.5,0,1,19,14.4,13.6,92.1,0,2,1,27,0,0,0,182,20,147,0,0,7,1
Cody Ford,39805,T,CIN,4,96.3,0,7,59.8,30.6,69.6,0,0,11,91.7,91.7,100.0,0,0,0,26,0,0,17,27,11,12,0,0,15,10
Ricky Stromberg,99066,G,WAS,3,100.0,0,32,44.5,41.7,46.3,0,1,19,100.0,100.0,97.4,0,1,0,26,0,22,0,26,21,21,4,0,5,0
Ryan Van Demark,55113,T,BUF,5,100.0,0,4,64.8,18.6,69.2,1,0,2,100.0,100.0,75.0,0,1,0,25,0,0,22,25,2,2,0,3,23,0
Cam Akers,57206,HB,MIN,7,18.0,0,18,69.7,71.2,71.2,1,0,19,28.8,26.4,97.4,0,1,0,25,0,0,0,139,19,72,0,0,6,2
Tony Jones Jr.,40498,HB,ARZ,5,22.9,0,1,57.2,50.3,60.2,0,2,18,24.3,24.4,88.9,0,3,1,25,0,0,0,109,19,78,0,0,6,0
Jahmyr Gibbs,122474,HB,DET,6,10.2,0,11,73.6,22.4,58.0,0,3,12,8.2,7.8,87.5,0,3,0,25,0,0,0,246,12,154,0,0,13,0
Zach Charbonnet,97630,HB,SEA,7,16.4,0,29,71.8,89.6,60.2,0,0,19,17.4,17.1,100.0,0,0,0,25,0,0,0,152,19,111,0,0,6,4
Marquise Goodwin,7859,WR,CLV,8,28.6,0,8,46.8,,59.2,0,0,0,0.0,0.0,,0,0,0,24,0,0,0,84,0,56,0,0,24,0
Josh Sills,41748,G,IND,3,100.0,0,14,49.4,42.0,51.2,0,1,11,100.0,100.0,95.5,0,1,0,24,0,3,0,24,11,11,18,3,13,0
Derius Davis,78196,WR,LAC,8,38.7,0,27,64.4,,38.6,0,0,0,0.0,0.0,,1,0,0,24,0,0,0,62,0,32,0,0,24,0
Michael Carter,57337,HB,NYJ,8,18.0,0,22,50.5,37.5,60.0,3,2,22,19.1,17.9,88.6,1,5,0,24,0,0,0,133,22,123,0,0,2,9
Miles Sanders,40555,HB,CAR,8,9.2,0,5,58.2,30.7,59.5,0,3,18,11.1,10.5,91.7,0,3,0,23,0,0,0,249,18,171,0,0,5,0
Javonte Williams,77803,HB,DEN,7,12.3,0,10,68.3,48.7,59.5,1,0,11,13.9,16.7,95.5,0,1,0,23,0,0,0,187,14,84,0,0,9,1
Jack Conklin,10642,T,CLV,1,100.0,0,8,74.5,78.9,71.7,0,0,15,100.0,100.0,100.0,0,0,0,22,0,0,0,22,15,15,0,22,7,0
Ryan Bates,28300,C,BUF,3,100.0,0,4,77.8,70.8,77.2,0,0,2,100.0,100.0,100.0,0,0,0,22,22,0,0,22,2,2,0,0,20,0
David Bell,97989,WR,CLV,7,40.0,0,8,57.1,,54.6,0,0,0,0.0,0.0,,0,0,0,22,0,0,0,55,0,33,0,0,22,4
Sterling Shepard,10674,WR,NYG,8,34.9,0,21,51.0,,40.2,0,0,0,0.0,0.0,,0,0,0,22,0,0,0,63,0,41,0,0,22,3
Deonte Harty,91470,WR,BUF,9,19.8,0,4,68.1,,61.3,0,0,0,0.0,0.0,,0,0,0,22,0,0,0,111,0,86,0,0,22,0
Cole Van Lanen,41583,T,JAX,1,100.0,0,15,63.6,65.8,59.5,1,1,19,100.0,100.0,94.7,0,2,0,22,0,0,0,22,19,19,0,22,3,0
Keaontay Ingram,77761,HB,ARZ,6,21.4,0,1,66.0,55.8,66.4,1,1,10,18.5,21.7,90.0,0,2,0,22,0,0,0,103,13,60,0,0,9,0
Davis Allen,99697,TE,LA,7,72.4,0,26,53.0,76.2,52.4,0,0,5,41.7,42.9,100.0,0,0,0,21,0,0,0,29,6,14,0,0,15,20
Trent Taylor,11932,WR,CHI,7,38.2,0,6,53.9,,50.3,0,0,0,0.0,0.0,,0,0,0,21,0,0,0,55,0,33,0,0,21,0
James Mitchell,77885,TE,DET,5,80.8,0,11,43.3,74.8,44.3,0,0,3,37.5,37.5,100.0,0,0,0,21,0,0,0,26,3,8,0,0,18,20
Darrynton Evans,40692,HB,CHI,5,22.7,0,6,69.8,73.9,60.0,0,1,9,20.5,20.0,94.4,0,1,0,20,0,0,0,88,9,45,0,0,11,1
Rodney Williams,63718,TE,PIT,4,66.7,0,25,43.6,66.3,66.5,0,0,1,9.1,9.1,100.0,0,0,0,20,0,0,0,30,1,11,0,0,19,26
Ameer Abdullah,9487,HB,LV,9,22.7,0,23,54.8,13.1,60.0,1,4,18,24.0,22.9,86.1,0,5,0,20,0,0,0,88,19,83,0,0,1,1
Payne Durham,84037,TE,TB,4,51.3,0,30,46.6,75.8,59.3,0,1,4,18.2,17.4,87.5,0,1,0,20,0,0,0,39,4,23,0,0,16,25
Craig Reynolds,94383,HB,DET,8,16.8,0,11,80.1,25.7,67.3,0,2,9,14.1,14.1,77.8,0,3,1,20,0,0,0,119,9,64,0,0,11,0
Rico Dowdle,40693,HB,DAL,8,19.8,0,9,70.3,28.9,60.0,0,2,9,17.0,17.9,88.9,0,2,0,20,0,0,0,101,10,56,0,0,10,0
Ben Cleveland,41696,G,BLT,4,100.0,0,3,41.8,78.2,41.4,0,0,5,100.0,100.0,100.0,0,0,0,20,0,1,0,20,5,5,17,0,15,2
Mike White,46453,QB,MIA,2,73.1,0,17,46.2,,60.0,0,0,0,0.0,0.0,,0,0,0,19,0,0,0,26,0,3,0,0,19,0
Darrell Henderson,41193,HB,LA,3,18.6,0,26,56.6,65.4,60.0,0,0,17,29.8,29.5,100.0,0,0,0,19,0,0,0,102,18,61,0,0,1,0
Jason Cabinda,50714,FB,DET,3,70.4,0,11,40.4,19.6,51.7,1,0,3,30.0,30.0,83.3,0,1,0,19,0,0,0,27,3,10,0,0,16,1
Darrell Daniels,12122,FB,DET,3,86.4,0,11,69.9,46.4,73.7,0,0,2,40.0,40.0,100.0,0,0,0,19,0,0,0,22,2,5,0,0,17,6
Kyle Allen,26152,QB,BUF,4,72.0,0,4,63.8,,60.0,0,0,0,,,,0,0,0,18,0,0,0,25,0,0,0,0,18,0
Nick Saldiveri,81785,G,NO,3,100.0,0,20,52.1,32.2,59.9,0,1,12,100.0,100.0,95.8,0,1,0,18,0,0,0,18,14,14,14,0,4,4
Tucker Fisk,52286,TE,ATL,2,90.0,0,2,67.2,26.0,74.4,0,1,5,71.4,71.4,90.0,0,1,0,18,0,0,0,20,5,7,0,0,13,1
Aaron Jones,11937,HB,GB,5,12.2,0,12,62.7,35.4,58.2,1,0,6,7.5,8.2,91.7,0,1,0,18,0,0,0,147,7,85,0,0,11,4
Damien Harris,35134,HB,BUF,6,30.0,0,4,76.5,85.3,60.0,0,0,8,34.8,33.3,100.0,0,0,0,18,0,0,0,60,9,27,0,0,9,0
DeeJay Dallas,55632,HB,SEA,6,33.3,0,29,63.6,47.1,54.9,1,1,12,33.3,29.3,91.7,0,2,0,17,0,0,0,51,12,41,0,0,5,3
Carter O'Donnell,105607,G,ARZ,1,100.0,0,1,60.9,59.4,60.2,0,2,11,100.0,100.0,90.9,0,2,0,17,0,0,0,17,11,11,15,0,6,2
Mecole Hardman Jr.,42683,WR,KC,7,23.3,0,16,65.2,,62.7,0,0,0,0.0,0.0,,0,0,0,17,0,0,0,73,0,55,0,0,17,0
Xavier Hutchinson,122518,WR,HST,6,28.8,0,13,52.2,,76.3,0,0,0,0.0,0.0,,1,0,0,17,0,0,0,59,0,39,0,0,17,0
Clayton Tune,77652,QB,ARZ,2,32.7,0,1,29.1,,60.0,0,0,0,0.0,0.0,,0,0,0,17,0,0,0,52,0,35,0,0,17,0
Nate Adkins,87625,TE,DEN,6,50.0,0,10,62.8,68.7,54.5,0,0,2,11.1,10.5,100.0,0,0,0,17,0,0,0,34,2,19,0,0,15,18
Cooper Rush,12324,QB,DAL,4,51.5,0,9,50.4,,60.0,0,0,0,0.0,0.0,,0,0,0,17,0,0,0,33,0,9,0,0,17,0
Velus Jones Jr.,40573,WR,CHI,7,42.5,0,6,49.3,,56.0,0,0,0,0.0,0.0,,0,0,0,17,0,0,0,40,0,19,0,0,17,0
Prince Tega Wanogho,44820,T,KC,2,100.0,0,16,60.6,21.1,81.0,2,0,9,100.0,100.0,88.9,0,2,0,16,0,0,1,16,9,9,0,15,7,0
Jamison Crowder,9538,WR,WAS,4,23.2,0,32,83.5,,60.3,0,0,0,0.0,0.0,,0,0,0,16,0,0,0,69,0,53,0,0,16,0
Cody Thompson,48152,WR,SEA,6,69.6,0,29,56.2,,60.9,0,0,0,0.0,0.0,,0,0,0,16,0,0,0,23,0,7,0,0,16,2
Dalvin Cook,11796,HB,NYJ,8,14.5,0,22,57.4,84.7,60.0,0,0,11,19.0,20.6,100.0,0,0,0,16,0,0,0,110,13,63,0,0,3,4
Elijah Cooks,61501,WR,JAX,3,72.7,0,15,57.4,,61.5,0,0,0,0.0,0.0,,0,0,0,16,0,0,0,22,0,6,0,0,16,0
Royce Freeman,45747,HB,LA,3,18.6,0,26,73.9,76.7,60.0,0,1,11,25.6,27.5,95.5,0,1,0,16,0,0,0,86,14,51,0,0,2,0
Pierre Strong Jr.,66619,HB,CLV,7,18.1,0,8,61.6,50.9,60.0,0,1,9,23.1,25.0,94.4,0,1,0,15,0,0,0,83,11,44,0,0,4,4
Matt Pryor,46647,T,SF,2,100.0,0,28,74.4,71.1,72.0,0,0,1,100.0,100.0,100.0,0,0,0,15,0,11,0,15,1,1,0,4,14,0
Kareem Hunt,11841,HB,CLV,6,12.1,0,8,75.3,65.0,60.0,0,0,6,11.1,14.3,100.0,0,0,0,15,0,0,0,124,8,56,0,0,7,5
Sean Rhyan,72009,G,GB,1,100.0,0,12,66.4,75.9,63.9,0,0,2,100.0,100.0,100.0,0,0,0,15,0,8,0,15,2,2,7,0,13,0
Greg Dortch,42237,WR,ARZ,5,33.3,0,1,51.8,,54.8,0,0,0,0.0,0.0,,0,0,0,15,0,0,0,45,0,30,0,0,15,0
Jalen Brooks,111284,WR,DAL,2,70.0,0,9,56.1,,60.4,0,0,0,0.0,0.0,,0,0,0,14,0,0,0,20,0,6,0,0,14,0
Salvon Ahmed,57472,HB,MIA,7,12.2,0,17,62.6,28.3,57.8,0,0,3,3.7,3.5,100.0,0,0,0,14,0,0,0,115,3,85,0,0,11,0
Kristian Wilkerson,28729,WR,LV,2,33.3,0,23,49.5,,55.6,0,0,0,0.0,0.0,,0,0,0,14,0,0,0,42,0,28,0,0,14,0
Julio Jones,6158,WR,PHI,3,28.0,0,24,60.2,,53.8,0,0,0,0.0,0.0,,0,0,0,14,0,0,0,50,0,36,0,0,14,0
Austin Ekeler,12164,HB,LAC,5,6.0,0,27,59.6,50.0,60.0,0,1,9,7.0,7.2,94.4,0,1,0,13,0,0,0,215,10,138,0,0,3,0
Mike Boone,31615,HB,HST,7,16.5,0,13,40.4,11.7,41.7,0,2,9,14.1,12.7,88.9,0,2,0,13,0,0,0,79,9,71,0,0,4,0
Blaine Gabbert,6162,QB,KC,1,61.9,0,16,40.2,,60.0,0,0,0,0.0,0.0,,0,0,0,13,0,0,0,21,0,6,0,0,13,0
Elijah Higgins,98027,TE,ARZ,3,39.4,0,1,52.3,,57.4,0,0,0,0.0,0.0,,0,0,0,13,0,0,0,33,0,20,0,0,13,16
Kendre Miller,123091,HB,NO,7,14.8,0,20,66.9,27.4,60.0,0,1,6,11.8,11.8,91.7,0,1,0,13,0,0,0,88,6,51,0,0,7,0
A.T. Perry,77975,WR,NO,2,54.2,0,20,51.5,,55.2,0,0,0,0.0,0.0,,0,0,0,13,0,0,0,24,0,11,0,0,13,0
Trey Sermon,57372,HB,IND,5,29.3,0,14,39.1,72.6,60.0,0,0,7,25.9,25.0,100.0,0,0,0,12,0,0,0,41,7,28,0,0,5,0
Andy Dalton,6187,QB,CAR,3,14.8,0,5,81.1,,60.0,0,0,0,0.0,0.0,,0,0,0,12,0,0,0,81,0,67,0,0,12,0
Sam Darnold,29048,QB,SF,4,66.7,0,28,63.5,,60.0,0,0,0,0.0,0.0,,1,0,0,12,0,0,0,18,0,1,0,0,12,0
Khalen Saunders,31534,DI,NO,3,91.7,1,20,62.9,,64.1,0,0,0,0.0,0.0,,1,0,0,11,0,0,0,12,0,1,0,0,11,0
Melvin Gordon III,9448,HB,BLT,2,27.5,0,3,69.9,36.9,49.6,0,1,5,25.0,23.8,90.0,0,1,0,11,0,0,0,40,5,21,0,0,6,0
Erik Ezukanma,78148,WR,MIA,2,37.9,0,17,60.3,,54.1,0,0,0,0.0,0.0,,0,0,0,11,0,0,0,29,0,14,0,0,11,0
Bailey Zappe,60396,QB,NE,2,36.7,0,19,49.2,,60.0,0,0,0,0.0,0.0,,0,0,0,11,0,0,0,30,0,19,0,0,11,0
Greg Dulcich,84068,TE,DEN,2,34.4,0,10,66.8,83.7,49.5,0,0,2,9.1,12.5,100.0,0,0,0,11,0,0,2,32,3,24,0,0,8,12
Simi Fehoko,84424,WR,LAC,2,57.9,0,27,61.3,,40.4,0,0,0,0.0,0.0,,0,0,0,11,0,0,0,19,0,8,0,0,11,2
Demarcus Robinson,10760,WR,LA,5,42.3,0,26,59.6,,86.0,0,0,0,0.0,0.0,,1,0,0,11,0,0,0,26,0,15,0,0,11,0
Alex Armah,11948,FB,WAS,2,68.8,0,32,55.3,,53.0,0,0,0,0.0,0.0,,0,0,0,11,0,0,0,16,0,5,0,0,11,4
Isaiah Spiller,99146,HB,LAC,5,23.9,0,27,53.8,30.0,,0,4,9,29.0,32.4,77.8,0,4,0,11,0,0,0,46,11,34,0,0,0,0
Tyler Huntley,46448,QB,BLT,3,44.0,0,3,45.2,,60.0,0,0,0,0.0,0.0,,0,0,0,11,0,0,0,25,0,9,0,0,11,0
Juwann Winfree,38275,WR,IND,3,50.0,0,14,52.6,65.7,50.9,0,0,0,0.0,9.1,,0,0,0,10,0,0,0,20,1,11,0,0,9,0
Drew Lock,39517,QB,SEA,1,58.8,0,29,59.7,,60.0,0,0,0,0.0,0.0,,0,0,0,10,0,0,0,17,0,6,0,0,10,0
Jonathan Taylor,57488,HB,IND,5,6.0,0,14,69.3,62.9,72.1,0,2,8,8.3,8.7,87.5,0,2,0,10,0,0,0,166,9,103,0,0,1,0
Jameis Winston,9434,QB,NO,3,32.3,0,20,62.0,,60.0,0,0,0,0.0,0.0,,1,0,0,10,0,0,0,31,0,18,0,0,10,0
Mitch Trubisky,11757,QB,PIT,2,20.4,0,25,34.8,,60.0,0,0,0,0.0,0.0,,0,0,0,10,0,0,0,49,0,39,0,0,10,0
Laquon Treadwell,10657,WR,BLT,1,58.8,0,3,56.5,,62.1,0,0,0,0.0,0.0,,0,0,0,10,0,0,0,17,0,7,0,0,10,0
Nick Allegretti,39268,G,KC,4,100.0,0,16,80.4,,80.8,0,0,0,,,,0,0,0,10,7,0,0,10,0,0,0,0,10,2
Kayshon Boutte,124087,WR,NE,1,18.2,0,19,45.2,,84.8,0,0,0,0.0,0.0,,0,0,0,10,0,0,0,55,0,45,0,0,10,0
Chris Brooks,83644,HB,MIA,3,32.3,0,17,90.8,,80.2,0,0,0,0.0,0.0,,0,0,0,10,0,0,0,31,0,5,0,0,10,2
Tanner Conner,22777,TE,MIA,2,90.9,0,17,64.4,,64.7,0,0,0,0.0,0.0,,0,0,0,10,0,0,0,11,0,1,0,0,10,6
Tanner Hudson,66924,TE,CIN,3,13.3,0,7,68.0,,78.6,0,0,0,0.0,0.0,,0,0,0,10,0,0,0,75,0,65,0,0,10,24
Tylan Wallace,61577,WR,BLT,2,76.9,0,3,55.7,,59.8,0,0,0,0.0,0.0,,0,0,0,10,0,0,0,13,0,3,0,0,10,0
Ke'Shawn Vaughn,45866,HB,TB,5,16.7,0,30,53.6,39.8,60.0,0,0,4,16.0,17.2,100.0,0,0,0,10,0,0,0,60,5,29,0,0,5,0
Deuce Vaughn,122624,HB,DAL,4,20.8,0,9,43.8,19.4,60.0,0,2,5,22.7,22.7,80.0,0,2,0,10,0,0,0,48,5,22,0,0,5,0
Elijah Mitchell,57272,HB,SF,5,16.1,0,28,51.6,57.6,66.1,0,0,3,11.1,10.7,100.0,0,0,0,9,0,0,0,56,3,28,0,0,6,0
Patrick Taylor,40448,HB,GB,4,12.9,1,12,56.7,83.7,60.0,0,0,6,11.1,10.9,100.0,1,0,0,9,0,0,0,70,6,55,0,0,3,8
Chris Conley,9509,WR,SF,2,90.0,0,28,59.2,,60.2,0,0,0,0.0,0.0,,0,0,0,9,0,0,0,10,0,1,0,0,9,0
Minkah Fitzpatrick,51206,S,PIT,3,100.0,0,25,60.0,,60.0,0,0,0,,,,3,0,0,9,0,0,0,9,0,0,0,0,9,0
Britain Covey,32933,WR,PHI,4,47.4,0,24,46.4,,34.4,0,0,0,0.0,0.0,,0,0,0,9,0,0,0,19,0,10,0,0,9,0
Nick Vannett,10728,TE,LAC,1,81.8,0,27,47.1,,51.7,0,0,0,0.0,0.0,,0,0,0,9,0,0,0,11,0,2,0,0,9,10
Jesse Luketa,81361,ED,ARZ,5,100.0,0,1,49.8,74.0,47.3,0,0,2,100.0,100.0,100.0,0,0,0,9,0,0,0,9,2,2,0,0,7,0
Nick Chubb,45783,HB,CLV,2,14.8,0,8,81.6,25.8,60.0,0,1,6,27.3,27.3,91.7,0,1,0,8,0,0,0,54,6,22,0,0,2,1
Brady Russell,60876,TE,SEA,3,100.0,0,29,61.4,,60.5,0,0,0,,,,0,0,0,8,0,0,0,8,0,0,0,0,8,8
Tyler Kroft,9518,TE,MIA,3,100.0,0,17,60.8,,60.0,0,0,0,,,,0,0,0,8,0,0,0,8,0,0,0,0,8,8
Ben Brown,59869,G,SEA,1,100.0,0,29,61.5,77.7,58.7,0,0,5,100.0,100.0,100.0,0,0,0,8,0,8,0,8,5,5,0,0,3,0
Colton Dowell,63721,WR,TEN,2,50.0,0,31,53.2,,48.1,0,0,0,0.0,0.0,,0,0,0,8,0,0,0,16,0,8,0,0,8,0
Cordarrelle Patterson,7810,HB,ATL,6,12.7,0,2,60.1,76.4,60.2,0,0,2,4.9,4.8,100.0,0,0,0,8,0,0,0,63,2,42,0,0,6,2
N'Keal Harry,48297,WR,MIN,5,50.0,0,18,55.3,,58.6,0,0,0,0.0,0.0,,0,0,0,8,0,0,0,16,0,8,0,0,8,0
Deon Jackson,57189,HB,NYG,2,15.4,0,21,29.7,6.0,59.4,0,1,3,9.4,9.4,83.3,0,1,0,8,0,0,0,52,3,32,0,0,5,0
Keelan Doss,48143,WR,LAC,3,40.0,0,27,48.4,,50.6,0,0,0,0.0,0.0,,0,0,0,8,0,0,0,20,0,12,0,0,8,0
Eric Saubert,11929,TE,HST,1,66.7,0,13,64.8,69.6,71.9,0,0,1,25.0,20.0,100.0,0,0,0,8,0,0,0,12,1,5,0,0,7,10
Jacob Harris,34255,WR,JAX,2,57.1,0,15,45.9,,33.6,0,0,0,0.0,0.0,,0,0,0,8,0,0,0,14,0,6,0,0,8,0
Malik Taylor,94375,WR,NYJ,2,19.5,0,22,51.6,,60.5,0,0,0,0.0,0.0,,0,0,0,8,0,0,0,41,0,33,0,0,8,0
Tyquan Thornton,78092,WR,NE,3,20.0,0,19,52.9,,60.2,0,0,0,0.0,0.0,,0,0,0,8,0,0,0,40,0,32,0,0,8,0
Parker Hesse,48369,TE,ATL,1,100.0,0,2,46.8,,47.9,0,0,0,,,,0,0,0,7,0,0,0,7,0,0,0,0,7,5
Corey Levin,11972,C,TEN,1,100.0,0,31,50.0,74.1,50.4,0,0,2,100.0,100.0,100.0,0,0,0,7,0,7,0,7,2,2,0,0,5,0
Damien Williams,9205,HB,ARZ,3,25.0,0,1,72.7,80.2,59.4,0,0,3,23.1,23.1,100.0,0,0,0,7,0,0,0,28,3,13,0,0,4,0
Mike Caliendo,41446,G,KC,1,100.0,0,16,44.8,,46.9,0,0,0,,,,0,0,0,7,0,7,0,7,0,0,0,0,7,0
Tommy Kraemer,40976,T,NO,1,100.0,0,20,51.4,,47.4,0,0,0,,,,0,0,0,7,0,0,0,7,0,0,0,7,7,0
Ty Montgomery,9527,WR,NE,6,23.3,0,19,64.4,,47.8,0,0,0,0.0,0.0,,1,0,0,7,0,0,0,30,0,21,0,0,7,0
Ty Chandler,62942,HB,MIN,6,20.0,0,18,63.8,21.0,60.0,0,2,5,20.8,20.0,80.0,0,2,0,7,0,0,0,35,5,25,0,0,2,1
Kyle Philips,84463,WR,TEN,4,8.6,0,31,67.0,,58.4,0,0,0,0.0,0.0,,0,0,0,7,0,0,0,81,0,74,0,0,7,1
Jaren Hall,82094,QB,MIN,2,31.8,0,18,64.9,,60.0,0,0,0,0.0,0.0,,0,0,0,7,0,0,0,22,0,13,0,0,7,0
Ronnie Rivers,57208,HB,LA,4,17.5,0,26,78.4,80.0,60.0,0,0,6,27.3,25.0,100.0,0,0,0,7,0,0,0,40,6,24,0,0,1,0
Damiere Byrd,9964,WR,ATL,1,36.8,0,2,51.7,,60.8,0,0,0,0.0,0.0,,0,0,0,7,0,0,0,19,0,12,0,0,7,0
Giovanni Ricci,13756,TE,CAR,3,58.3,0,5,50.9,70.2,40.9,0,0,1,16.7,16.7,100.0,0,0,0,7,0,0,0,12,1,6,0,0,6,2
Jordan Mason,62946,HB,SF,4,15.0,0,28,86.6,16.7,60.0,0,0,1,7.7,7.1,100.0,0,0,0,6,0,0,0,40,1,14,0,0,5,0
Warren McClendon Jr.,99081,T,LA,1,100.0,0,26,44.9,14.2,60.0,0,1,5,100.0,100.0,70.0,0,2,1,6,0,0,0,6,5,5,0,6,1,0
Jalen Guyton,34164,WR,LAC,1,18.2,0,27,52.1,,61.2,0,0,0,0.0,0.0,,0,0,0,6,0,0,0,33,0,27,0,0,6,1
Jaleel McLaughlin,138346,HB,DEN,8,6.2,0,10,83.8,21.1,60.0,0,1,4,7.5,7.1,87.5,0,1,0,6,0,0,0,97,4,56,0,0,2,1
Brayden Willis,77917,TE,SF,2,100.0,0,28,61.0,,60.3,0,0,0,,,,0,0,0,6,0,0,0,6,0,0,0,0,6,6
J.K. Dobbins,57366,HB,BLT,1,20.0,0,3,53.5,48.2,59.6,0,1,2,12.5,11.1,75.0,0,1,0,6,0,0,0,30,2,18,0,0,4,0
Foster Sarell,52272,T,LAC,4,100.0,0,27,55.4,,56.5,0,0,0,,,,0,0,0,6,0,0,0,6,0,0,0,0,6,6
Elijah Dotson,57394,HB,LAC,3,40.0,0,27,54.8,,60.0,0,0,0,0.0,0.0,,0,0,0,6,0,0,0,15,0,5,0,0,6,0
Tre'Quan Smith,48228,WR,DEN,1,60.0,0,10,56.0,,60.9,0,0,0,0.0,0.0,,0,0,0,6,0,0,0,10,0,4,0,0,6,0
James Proche II,48037,WR,CLV,1,83.3,0,8,58.9,,60.0,0,0,0,0.0,0.0,,0,0,0,5,0,0,0,6,0,1,0,0,5,0
Willie Snead IV,8999,WR,SF,2,62.5,0,28,75.5,,54.6,0,0,0,0.0,0.0,,0,0,0,5,0,0,0,8,0,3,0,0,5,0
Zamir White,83665,HB,LV,8,11.6,0,23,57.0,75.4,60.0,0,0,3,13.0,12.0,100.0,0,0,0,5,0,0,0,43,3,25,0,0,2,0
Kion Smith,136103,T,MIA,1,100.0,0,17,64.0,79.0,,0,0,5,100.0,100.0,100.0,0,0,0,5,0,0,5,5,5,5,0,0,0,0
Chris Rodriguez Jr.,83689,HB,WAS,5,23.8,0,32,63.1,,57.6,0,0,0,0.0,0.0,,0,0,0,5,0,0,0,21,0,2,0,0,5,2
Richie James,28991,WR,KC,2,19.2,0,16,51.0,,53.4,0,0,0,0.0,0.0,,0,0,0,5,0,0,0,26,0,21,0,0,5,0
Brian Allen,46104,C,LA,1,100.0,0,26,60.0,75.3,60.0,0,0,3,100.0,100.0,100.0,0,0,0,5,5,0,0,5,3,3,0,0,2,0
Boston Scott,39462,HB,PHI,4,20.8,0,24,81.7,74.3,59.4,0,0,2,15.4,15.4,100.0,0,0,0,5,0,0,0,24,2,13,0,0,3,0
Ihmir Smith-Marsette,61324,WR,CAR,5,29.4,0,5,38.4,,59.6,0,0,0,0.0,0.0,,2,0,0,5,0,0,0,17,0,12,0,0,5,0
Jordan McFadden,77578,G,LAC,2,80.0,0,27,57.0,,57.2,0,0,0,0.0,0.0,,0,0,0,4,0,0,0,5,0,1,0,0,4,0
Jeff Wilson Jr.,29413,HB,MIA,3,10.8,0,17,54.7,,60.0,0,0,0,0.0,0.0,,0,0,0,4,0,0,0,37,0,26,0,0,4,0
Stephen Sullivan,40411,TE,CAR,3,11.8,0,5,69.1,,60.5,0,0,0,0.0,0.0,,0,0,0,4,0,0,0,34,0,30,0,0,4,4
Chris Evans,27303,HB,CIN,5,19.0,0,7,52.1,13.6,60.0,0,0,1,6.7,11.8,100.0,0,0,0,4,0,0,0,21,2,17,0,0,2,0
D'Ernest Johnson,45734,HB,JAX,8,13.8,0,15,64.3,83.1,60.0,0,0,3,15.8,15.8,100.0,0,0,0,4,0,0,0,29,3,19,0,0,1,0
Matt Bushman,52008,TE,KC,1,57.1,0,16,54.6,70.6,57.1,0,0,1,33.3,25.0,100.0,0,0,0,4,0,0,0,7,1,4,0,0,3,5
Justin McCray,9234,G,CAR,1,100.0,0,5,61.4,76.3,60.0,0,0,3,100.0,100.0,100.0,0,0,0,4,0,0,0,4,3,3,4,0,1,0
Amari Rodgers,61212,WR,IND,3,16.0,0,14,44.0,,60.0,0,0,0,0.0,0.0,,0,0,0,4,0,0,0,25,0,21,0,0,4,0
Raiqwon O'Neal,81811,T,SEA,1,100.0,0,29,60.0,66.2,60.0,0,0,1,100.0,100.0,100.0,0,0,0,4,0,0,0,4,1,1,0,0,3,4
Emanuel Wilson,154173,HB,GB,5,14.8,0,12,79.0,,60.0,0,0,0,0.0,0.0,,0,0,0,4,0,0,0,27,0,10,0,0,4,0
Albert Okwuegbunam,41933,TE,PHI,1,66.7,0,24,54.6,,57.1,0,0,0,0.0,0.0,,0,0,0,4,0,0,0,6,0,2,0,0,4,4
Ryan Neuzil,41123,C,ATL,1,100.0,0,2,49.8,65.7,45.3,0,0,1,100.0,100.0,100.0,0,0,0,4,0,0,0,4,1,1,0,0,3,1
Malik Willis,60341,QB,TEN,3,18.2,0,31,45.9,,60.0,0,0,0,0.0,0.0,,0,0,0,4,0,0,0,22,0,15,0,0,4,0
De'Von Achane,124305,HB,MIA,4,4.0,0,17,93.6,,60.0,0,0,0,0.0,0.0,,0,0,0,4,0,0,0,101,0,58,0,0,4,1
Jonathan Ward,25859,HB,TEN,1,100.0,0,31,60.0,,60.0,0,0,0,,,,0,0,0,4,0,0,0,4,0,0,0,0,4,0
Derrick Gore,32342,HB,WAS,2,30.8,0,32,60.0,78.5,60.0,0,0,3,25.0,25.0,100.0,0,0,0,4,0,0,0,13,3,12,0,0,1,1
Malcolm Rodriguez,60731,LB,DET,3,100.0,0,11,60.0,,58.3,0,0,0,,,,0,0,0,4,0,0,0,4,0,0,0,0,4,0
Will Mallory,77888,TE,IND,4,9.1,0,14,62.5,,78.7,0,0,0,0.0,0.0,,0,0,0,4,0,0,0,44,0,40,0,0,4,14
Mike Strachan,143358,WR,CAR,1,30.8,0,5,75.4,,60.3,0,0,0,0.0,0.0,,0,0,0,4,0,0,0,13,0,9,0,0,4,0
Sean Clifford,51708,QB,GB,1,80.0,0,12,37.5,,60.0,0,0,0,,,,0,0,0,4,0,0,0,5,0,0,0,0,4,0
Dylan Drummond,78187,WR,DET,1,80.0,0,11,59.1,,60.0,0,0,0,0.0,0.0,,0,0,0,4,0,0,0,5,0,1,0,0,4,0
Wanya Morris,98247,T,KC,2,100.0,0,16,60.0,72.5,60.0,0,0,1,100.0,100.0,100.0,0,0,0,4,0,0,3,4,1,1,0,0,3,0
Travis Homer,45859,HB,CHI,3,50.0,0,6,37.9,,60.0,0,0,0,0.0,0.0,,0,0,0,3,0,0,0,6,0,3,0,0,3,0
Dan Feeney,11826,G,CHI,2,100.0,0,6,60.0,68.8,60.0,0,0,1,100.0,100.0,100.0,0,0,0,3,3,0,0,3,1,1,0,0,2,0
Mason Kinsey,115664,WR,TEN,2,100.0,0,31,60.0,,60.0,0,0,0,,,,0,0,0,3,0,0,0,3,0,0,0,0,3,0
Jaelyn Duncan,81722,T,TEN,1,100.0,0,31,65.8,76.1,60.0,0,0,1,100.0,100.0,100.0,0,0,0,3,0,0,3,3,2,2,0,0,1,0
Gary Brightwell,57133,HB,NYG,4,7.3,0,21,64.4,,58.3,0,0,0,0.0,0.0,,0,0,0,3,0,0,0,41,0,29,0,0,3,1
Julius Chestnut,109239,HB,TEN,2,42.9,0,31,59.3,70.6,60.0,0,0,2,40.0,33.3,100.0,0,0,0,3,0,0,0,7,2,6,0,0,1,0
Eric Gray,99143,HB,NYG,2,9.7,0,21,54.5,73.4,60.0,0,0,1,6.3,6.3,100.0,0,0,0,3,0,0,0,31,1,16,0,0,2,0
Jaylon Thomas,77421,C,NYG,1,100.0,0,21,60.0,26.4,60.0,0,0,2,100.0,100.0,100.0,0,0,0,3,3,0,0,3,2,2,0,0,1,0
Jimmy Morrissey,41626,G,HST,1,100.0,0,13,60.1,73.8,60.0,0,0,2,100.0,100.0,100.0,0,0,0,3,0,3,0,3,2,2,0,0,1,0
JaMycal Hasty,25582,HB,JAX,2,50.0,0,15,58.9,,60.0,0,0,0,0.0,0.0,,0,0,0,3,0,0,0,6,0,3,0,0,3,0
DJ Turner,47663,WR,LV,1,100.0,0,23,59.8,,59.3,0,0,0,,,,0,0,0,3,0,0,0,3,0,0,0,0,3,0
Rashaad Penny,27414,HB,PHI,2,27.3,0,24,53.4,16.9,60.0,0,0,1,25.0,40.0,100.0,1,0,0,3,0,0,0,11,2,5,0,0,1,0
C.J. Beathard,11859,QB,JAX,2,37.5,0,15,56.8,,60.0,0,0,0,0.0,0.0,,0,0,0,3,0,0,0,8,0,2,0,0,3,0
Nephi Sewell,56107,LB,NO,1,100.0,0,20,60.0,,60.0,0,0,0,,,,0,0,0,3,0,0,0,3,0,0,0,0,3,0
Andre Baccellia,47901,WR,ARZ,2,60.0,0,1,57.5,,60.0,0,0,0,0.0,0.0,,0,0,0,3,0,0,0,5,0,2,0,0,3,0
Nick Bellore,6515,LB,SEA,2,100.0,0,29,60.0,,60.0,0,0,0,,,,0,0,0,3,0,0,0,3,0,0,0,0,3,0
Arlington Hambright,60003,G,IND,1,100.0,0,14,60.0,,60.0,0,0,0,,,,0,0,0,3,0,0,3,3,0,0,0,0,3,0
Devine Ozigbo,45903,HB,DET,2,37.5,0,11,66.5,,60.0,0,0,0,0.0,0.0,,0,0,0,3,0,0,0,8,0,2,0,0,3,0
Dare Ogunbowale,12329,HB,HST,1,18.8,0,13,54.6,21.5,,0,0,3,21.4,21.4,66.7,0,1,1,3,0,0,0,16,3,14,0,0,0,0
Keaton Mitchell,123826,HB,BLT,2,18.8,0,3,95.2,72.4,60.0,0,0,1,20.0,20.0,100.0,0,0,0,3,0,0,0,16,1,5,0,0,2,1
Irvin Charles,28304,WR,NYJ,3,27.3,0,22,59.5,,81.9,0,0,0,0.0,0.0,,0,0,0,3,0,0,0,11,0,8,0,0,3,0
Kwamie Lassiter II,23226,WR,CIN,1,60.0,0,7,58.4,,60.0,0,0,0,0.0,0.0,,0,0,0,3,0,0,0,5,0,2,0,0,3,0
Jake Browning,46401,QB,CIN,1,50.0,0,7,55.2,,60.0,0,0,0,0.0,0.0,,0,0,0,2,0,0,0,4,0,1,0,0,2,0
Easop Winston Jr.,61812,WR,SEA,1,100.0,0,29,60.0,,60.0,0,0,0,,,,0,0,0,2,0,0,0,2,0,0,0,0,2,0
La'Mical Perine,26408,HB,KC,1,50.0,0,16,58.5,73.4,60.0,0,0,1,50.0,50.0,100.0,0,0,0,2,0,0,0,4,1,2,0,0,1,0
Lucas Niang,47004,T,KC,2,100.0,0,16,60.0,8.0,60.0,0,0,0,,100.0,,0,0,0,2,0,0,0,2,1,1,0,0,1,1
Malik Cunningham,60436,QB,NE,1,33.3,0,19,53.7,,60.0,0,0,0,0.0,0.0,,0,0,0,2,0,0,0,6,0,4,0,0,2,0
John FitzPatrick,83974,TE,ATL,3,66.7,0,2,57.7,,60.0,0,0,0,,0.0,,0,0,0,2,0,0,0,3,0,1,0,0,2,2
Jordan Meredith,60235,G,LV,2,100.0,0,23,60.0,71.0,60.0,0,0,1,100.0,100.0,100.0,0,0,0,2,0,0,0,2,1,1,2,0,1,0
Victor Dimukeje,56347,ED,ARZ,2,100.0,0,1,60.0,67.2,60.0,0,0,1,100.0,100.0,100.0,0,0,0,2,0,0,0,2,1,1,1,0,1,0
Gunner Olszewski,95015,WR,NYG,2,40.0,0,21,28.1,,59.9,0,0,0,0.0,0.0,,0,0,0,2,0,0,0,5,0,3,0,0,2,0
Jeffery Simmons,43742,DI,TEN,2,100.0,2,31,60.0,64.9,60.0,0,0,1,100.0,100.0,100.0,5,0,0,2,0,0,0,2,1,1,0,0,1,1
Aaron Brewer,7301,LS,ARZ,2,100.0,0,1,60.0,68.7,60.0,0,0,1,100.0,100.0,100.0,0,0,0,2,1,0,0,2,1,1,0,0,1,0
Dennis Gardeck,66928,ED,ARZ,2,100.0,0,1,60.0,68.6,60.0,0,0,1,100.0,100.0,100.0,0,0,0,2,0,0,1,2,1,1,0,0,1,0
Chase Edmonds,45851,HB,TB,4,7.4,0,30,52.0,76.0,,0,0,2,12.5,11.8,100.0,0,0,0,2,0,0,0,27,2,17,0,0,0,0
Jake Funk,45835,HB,IND,1,15.4,0,14,63.5,36.0,,0,1,2,20.0,18.2,75.0,0,1,0,2,0,0,0,13,2,11,0,0,0,0
Godwin Igwebuike,49166,HB,PIT,2,100.0,0,25,60.0,,60.0,0,0,0,,,,0,0,0,2,0,0,0,2,0,0,0,0,2,0
Clyde Edwards-Helaire,57279,HB,KC,8,2.5,0,16,60.4,70.6,,0,0,2,4.3,4.2,100.0,0,0,0,2,0,0,0,81,2,48,0,0,0,0
D'Wayne Eskridge,29573,WR,SEA,1,66.7,0,29,50.0,,60.0,0,0,0,,,,0,0,0,2,0,0,0,3,0,0,0,0,2,0
Cam Fleming,8775,T,DEN,1,100.0,0,10,60.0,72.9,,0,0,2,100.0,100.0,100.0,0,0,0,2,0,0,0,2,2,2,0,2,0,0
Jason Brownlee,121451,WR,NYJ,1,100.0,0,22,59.8,,59.2,0,0,0,,,,0,0,0,2,0,0,0,2,0,0,0,0,2,0
SaRodorick Thompson,77777,HB,SEA,1,100.0,0,29,60.0,,60.0,0,0,0,,,,0,0,0,2,0,0,0,2,0,0,0,0,2,0
Raheem Blackshear,57385,HB,CAR,4,5.7,0,5,61.1,44.4,,0,0,1,4.3,8.3,100.0,0,0,0,2,0,0,0,35,2,24,0,0,0,0
Doug Kramer,41458,C,CHI,1,100.0,0,6,60.0,,60.0,0,0,0,,,,0,0,0,2,2,0,0,2,0,0,0,0,2,0
Kenyan Drake,10707,HB,BLT,2,16.7,0,3,44.4,,60.0,0,0,0,0.0,0.0,,0,0,0,2,0,0,0,12,0,9,0,0,2,0
Austin Trammell,52195,WR,LA,6,15.4,0,26,47.5,,30.2,0,0,0,0.0,0.0,,0,0,0,2,0,0,0,13,0,11,0,0,2,0
Trent Scott,24481,T,WAS,1,100.0,0,32,60.0,71.5,,0,0,1,100.0,100.0,100.0,0,0,0,2,0,0,0,2,2,2,0,0,0,2
James Winchester,8580,LS,KC,1,100.0,0,16,60.0,,60.0,0,0,0,,,,0,0,0,1,0,0,0,1,0,0,0,0,1,0
Netane Muti,41339,G,LV,1,100.0,0,23,60.0,,60.0,0,0,0,,,,0,0,0,1,0,0,0,1,0,0,0,0,1,0
Chad Muma,75818,LB,JAX,1,100.0,0,15,60.0,62.7,,0,0,1,100.0,100.0,100.0,1,0,0,1,0,0,0,1,1,1,0,0,0,0
Josh Metellus,43395,S,MIN,1,100.0,1,18,60.0,,60.0,0,0,0,,,,1,0,0,1,0,0,0,1,0,0,0,0,1,0
Chazz Surratt,40313,LB,NYJ,1,100.0,0,22,60.0,,60.0,0,0,0,,,,0,0,0,1,0,0,0,1,0,0,0,0,1,0
NaJee Thompson,78869,CB,MIN,1,100.0,0,18,60.0,,60.0,0,0,0,,,,0,0,0,1,0,0,0,1,0,0,0,0,1,0
Pat Jones II,43974,ED,MIN,1,100.0,0,18,60.0,,60.0,0,0,0,,,,1,0,0,1,0,0,0,1,0,0,0,0,1,0
Spencer Anderson,81719,G,PIT,1,100.0,0,25,60.0,,60.0,0,0,0,,,,0,0,0,1,0,0,0,1,0,0,0,0,1,1
Nolan Cooney,44995,P,ARZ,1,100.0,0,1,60.0,,60.0,0,0,0,,,,0,0,0,1,0,0,0,1,0,0,0,0,1,0
Jack Fox,34735,P,DET,1,100.0,0,11,60.0,,60.0,0,0,0,,,,0,0,0,1,0,0,0,1,0,0,0,0,1,0
Ross Matiscik,34710,LS,JAX,1,100.0,0,15,60.0,61.5,,0,0,1,100.0,100.0,100.0,0,0,0,1,0,0,0,1,1,1,0,0,0,0
Tommy Townsend,33007,P,KC,1,100.0,0,16,60.0,,60.0,0,0,0,,,,0,0,0,1,0,0,0,1,0,0,0,0,1,0
Cameron Thomas,82387,ED,ARZ,1,100.0,0,1,60.0,67.2,,0,0,1,100.0,100.0,100.0,1,0,0,1,0,1,0,1,1,1,0,0,0,0
Jamien Sherwood,83175,LB,NYJ,1,100.0,0,22,60.0,,60.0,0,0,0,,,,0,0,0,1,0,0,0,1,0,0,0,0,1,0
Troy Dye,28251,LB,MIN,1,100.0,0,18,60.0,,60.0,0,0,0,,,,0,0,0,1,0,0,0,1,0,0,0,0,1,0
Khalil Dorsey,27819,CB,DET,1,100.0,0,11,60.0,,60.0,0,0,0,,,,0,0,0,1,0,0,0,1,0,0,0,0,1,0
Qadree Ollison,45934,HB,PIT,1,100.0,0,25,60.0,,60.0,0,0,0,,,,0,0,0,1,0,0,0,1,0,0,0,0,1,0
Trent Sieg,27036,LS,DAL,1,100.0,0,9,60.0,63.8,,0,0,0,,100.0,,0,0,0,1,0,0,0,1,1,1,0,0,0,0
Justin Herron,46271,T,LV,1,100.0,0,23,60.0,,59.0,0,0,0,,,,0,0,0,1,0,0,0,1,0,0,0,0,1,1
Scott Daly,18793,LS,DET,1,100.0,0,11,60.0,,60.0,0,0,0,,,,0,0,0,1,0,0,0,1,0,0,0,0,1,0
Justin Hardee,18348,CB,NYJ,1,100.0,0,22,60.0,,60.0,0,0,0,,,,0,0,0,1,0,0,0,1,0,0,0,0,1,0
Sam Eguavoen,15301,LB,NYJ,1,100.0,1,22,60.0,,60.0,0,0,0,,,,1,0,0,1,0,0,0,1,0,0,0,0,1,0
Caleb Johnson,12488,LB,JAX,1,100.0,0,15,60.0,63.8,,0,0,1,100.0,100.0,100.0,0,0,0,1,0,0,0,1,1,1,0,0,0,0
Max Scharping,46961,C,CIN,1,100.0,0,7,60.0,,63.8,0,0,0,,,,0,0,0,1,0,0,0,1,0,0,0,0,1,1
Thomas Hennessy,12124,LS,NYJ,1,100.0,0,22,60.0,,60.0,0,0,0,,,,0,0,0,1,0,0,0,1,0,0,0,0,1,0
Harrison Butker,11988,K,KC,1,100.0,0,16,60.0,,60.0,0,0,0,,,,0,0,0,1,0,0,0,1,0,0,0,0,1,0
Anthony Pittman,94372,LB,DET,1,100.0,0,11,60.0,,60.0,0,0,0,,,,0,0,0,1,0,0,0,1,0,0,0,0,1,0
Evan Hull,97302,HB,IND,1,12.5,0,14,65.7,,60.0,0,0,0,0.0,0.0,,0,0,0,1,0,0,0,8,0,6,0,0,1,0
Zonovan Knight,97432,HB,DET,2,11.1,0,11,62.1,76.7,,0,0,1,20.0,20.0,100.0,0,0,0,1,0,0,0,9,1,5,0,0,0,0
Anthony Walker Jr.,11916,LB,CLV,1,100.0,0,8,60.0,,60.0,0,0,0,,,,0,0,0,1,0,0,0,1,0,0,0,0,1,0
Ezekiel Turner,49167,LB,ARZ,2,50.0,0,1,66.1,65.4,,0,0,1,100.0,100.0,100.0,1,0,0,1,0,0,0,2,1,1,0,1,0,0
Andrew Wingard,49268,S,JAX,1,100.0,0,15,60.0,63.8,,0,0,1,100.0,100.0,100.0,0,0,0,1,0,0,0,1,1,1,0,0,0,0
Luke Gifford,50675,LB,TEN,1,100.0,0,31,60.0,,60.0,0,0,0,,,,0,0,0,1,0,0,0,1,0,0,0,0,1,0
Antonio Hamilton Sr.,11353,CB,ARZ,1,100.0,0,1,60.0,,60.0,0,0,0,,,,2,0,0,1,0,0,0,1,0,0,0,0,1,0
J.P. Holtz,11062,TE,NO,1,100.0,0,20,60.0,,60.0,0,0,0,,,,0,0,0,1,0,0,0,1,0,0,0,0,1,1
Jay Ward,98833,S,MIN,1,100.0,0,18,60.0,,60.0,0,0,0,,,,0,0,0,1,0,0,0,1,0,0,0,0,1,0
Brandin Echols,98900,CB,NYJ,1,100.0,0,22,60.0,,60.0,0,0,0,,,,1,0,0,1,0,0,0,1,0,0,0,0,1,0
Owen Pappoe,99006,LB,ARZ,1,100.0,0,1,60.0,,60.0,0,0,0,,,,0,0,0,1,0,0,0,1,0,0,0,0,1,0
Dwayne Washington,10870,HB,DEN,1,100.0,0,10,60.0,,60.0,0,0,0,,,,0,0,0,1,0,0,0,1,0,0,0,0,1,1
Shaquille Quarterman,51048,LB,JAX,1,100.0,0,15,60.0,62.7,,0,0,1,100.0,100.0,100.0,0,0,0,1,0,0,0,1,1,1,0,0,0,0
Kamu Grugier-Hill,10842,LB,CAR,1,100.0,0,5,60.0,62.7,,0,0,1,100.0,100.0,100.0,0,0,0,1,0,0,0,1,1,1,0,0,0,0
Tyrion Davis-Price,99169,HB,SF,1,14.3,0,28,60.3,,60.0,0,0,0,,,,0,0,0,1,0,0,0,7,0,0,0,0,1,0
Will Harris,51336,CB,DET,1,100.0,0,11,60.0,,60.0,0,0,0,,,,1,0,0,1,0,0,0,1,0,0,0,0,1,0
Ryan Stonehouse,52045,P,TEN,1,100.0,0,31,60.0,,60.0,0,0,0,,,,0,0,0,1,0,0,0,1,0,0,0,0,1,0
Claudin Cherelus,52094,LB,CAR,1,100.0,0,5,60.0,62.7,,0,0,1,100.0,100.0,100.0,0,0,0,1,0,0,0,1,1,1,0,0,0,0
Jack Campbell,101515,LB,DET,1,100.0,0,11,60.0,,60.0,0,0,0,,,,2,0,0,1,0,0,0,1,0,0,0,0,1,0
K'Lavon Chaisson,57945,ED,JAX,1,100.0,0,15,60.0,62.7,,0,0,1,100.0,100.0,100.0,2,0,0,1,0,0,0,1,1,1,0,0,0,0
Matthew Jackson,57797,S,TEN,1,100.0,0,31,60.0,,60.0,0,0,0,,,,0,0,0,1,0,0,0,1,0,0,0,0,1,0
Adrian Amos,9575,S,NYJ,1,100.0,0,22,60.0,,60.0,0,0,0,,,,0,0,0,1,0,0,0,1,0,0,0,0,1,0
Chandler Wooten,57726,LB,CAR,1,100.0,0,5,60.0,62.7,,0,0,1,100.0,100.0,100.0,0,0,0,1,0,0,0,1,1,1,0,0,0,0
Jack Gibbens,57662,LB,TEN,1,100.0,0,31,60.0,,60.0,0,0,0,,,,0,0,0,1,0,0,0,1,0,0,0,0,1,0
Phillip Dorsett,9462,WR,DEN,1,16.7,0,10,41.5,,58.9,0,0,0,0.0,0.0,,0,0,0,1,0,0,0,6,0,5,0,0,1,0
Anthony McFarland Jr.,57289,HB,PIT,1,20.0,0,25,66.8,68.5,,0,0,1,25.0,20.0,100.0,0,0,0,1,0,0,0,5,1,5,0,0,0,0
Sean Tucker,123056,HB,TB,3,3.2,0,30,55.8,73.0,,0,0,1,7.1,6.7,100.0,0,0,0,1,0,0,0,31,1,15,0,0,0,0
Teddy Bridgewater,8667,QB,DET,1,33.3,0,11,60.6,,60.0,0,0,0,,,,0,0,0,1,0,0,0,3,0,0,0,0,1,0
Ryan Wright,77591,P,MIN,1,100.0,0,18,60.0,,60.0,0,0,0,,,,0,0,0,1,0,0,0,1,0,0,0,0,1,0
Mitchell Tinsley,123470,WR,WAS,1,33.3,0,32,56.8,,60.0,0,0,0,0.0,0.0,,0,0,0,1,0,0,0,3,0,2,0,0,1,0
Ty Nsekhe,7636,T,CLV,1,100.0,0,8,60.0,,59.2,0,0,0,,,,0,0,0,1,0,0,0,1,0,0,0,0,1,1
Andrew DePaola,7633,LS,MIN,1,100.0,0,18,60.0,,60.0,0,0,0,,,,0,0,0,1,0,0,0,1,0,0,0,0,1,0
Aaron Rodgers,2241,QB,NYJ,1,25.0,0,22,39.4,,60.0,0,0,0,0.0,0.0,,0,0,0,1,0,0,0,4,0,3,0,0,1,0
Parker Washington,129799,WR,JAX,1,100.0,0,15,60.0,,60.0,0,0,0,,,,0,0,0,1,0,0,0,1,0,0,0,0,1,0
Morgan Cox,6020,LS,TEN,1,100.0,0,31,60.0,,60.0,0,0,0,,,,0,0,0,1,0,0,0,1,0,0,0,0,1,0
Thomas Morstead,5088,P,NYJ,1,100.0,0,22,60.0,,60.0,0,0,0,,,,0,0,0,1,0,0,0,1,0,0,0,0,1,0
JJ Jansen,4712,LS,CAR,1,100.0,0,5,60.0,61.5,,0,0,1,100.0,100.0,100.0,0,0,0,1,0,0,0,1,1,1,0,0,0,0
